[
   {
      "DATASET_ID":323,
      "DEVICE_TYPE":"AIVI2P1M",
      "MAP_CUT_VARIANT":"AFR_ST2.1_N_MID",
      "TT_REGION":"AFR",
      "SEQ_NR":"1",
      "RECOMMENDED_RANK":2,
      "targets":[
         "AIVI2P1M"
      ],
      "map cut variants":[
         "AFR_ST2.1_N_MID"
      ],
      "DATASET_NAME":"AIVI21_TTP5_TTC2_2022.09_2.4.3_AFR_1.0.0",
      "RELEASE_CYCLE":"2022.09",
      "TT Identifier":"CP-TT-TTC2.TTP5.T-MAP.AFR.NDS-11.0.0",
      "Compatibility Number":[
         "1"
      ],
      "TNS_NAVIGATIONSOFTWARECOMPATIBILITYLIST":"CI-BOSCH-ALLIANCE.AIVI.P-NAVSW-1.0.0",
      "RELEASE_STATUS_ID":4,
      "Release Status":"6 released",
      "recommended":"recommended",
      "F_DATASET_MITSUBISHI_RELEASE_STATUS":-99,
      "F_DATASET_MITSUBISHI_RELEASE_STATUS_DESC":"N.A.",
      "F_DATASET_NISSAN_RELEASE_STATUS":-99,
      "F_DATASET_NISSAN_RELEASE_STATUS_DESC":"N.A.",
      "F_DATASET_RENAULT_RELEASE_STATUS":-99,
      "F_DATASET_RENAULT_RELEASE_STATUS_DESC":"N.A.",
      "TT_MAP_SYSTEM_JQTA_STATUS_ID":3,
      "TT_MAP_SYSTEM_JQTA_STATUS_DESC":"Done",
      "TT_MAP_SYSTEM_JQTA_JIRA_TICKET":"AIVIOEM-5811",
      "TT_MAP_SYSTEM_JQTA_RESOLUTION_ID":5,
      "TT_MAP_SYSTEM_JQTA_RESOLUTION":"Released",
      "RELEASE_STATUS_STORED":"4 released for development only",
      "OLD_RECOMMENDED":"NA",
      "UPDATE_TIME":"2023-01-31T00:00:00",
      "data supplier release date":"31.01.2023",
      "customers":"RNAIVI",
      "comments":"\"2022.09 : Latest AFR data will be moved to 6.releases based on project request\"",
      "artifactory repo":"nav-data-repos",
      "region":"AFR",
      "registry_variant":"eur",
      "ESNCCB release":"NDSVALIDATION-2330",
      "Release Process Cover Task":"NDSVALIDATION-2325",
      "speech config":[
         "ASR"
      ],
      "test attributes":"DEFAULT",
      "path":"DATA-STORE/Nissan/ROW/AIVI21_TTP5_TTC2_2022.09_2.4.3_AFR_1.0.0/DATA",
      "MAP_CUT_VARIANT_NUMBERED":409,
      "MD5_BASE64":"2e4b60d8749fc2aa3ef115cb5ebde2bf",
      "BRAND":"Nissan",
      "NISSAN_FULLUPDATE_VERSION_STRING":"17317_0_10",
      "RENAULT_FULLUPDATE_VERSION_STRING":"2023.V1",
      "OEM Part Number Entry":"259284675R",
      "OEM Part Number Mid":"259289535R",
      "DATASET_VERSION":"AIVI21",
      "QUERY_TIME":"2024.01.10 15:08:42",
      "FILTERED_RANK":1,
      "VERSION_TOOLING_INFO":"7.0.0",
      "TIME_VERSIONED_FILE_NAME":"WHITE_LIST_FILTER__37_293_321_323_326_346_353_359__data_sets_20240110_150842.json"
   },
   {
      "DATASET_ID":321,
      "DEVICE_TYPE":"AIVI2P1M",
      "MAP_CUT_VARIANT":"APAC_ST2.1_N_MID",
      "TT_REGION":"APAC",
      "SEQ_NR":"1",
      "RECOMMENDED_RANK":2,
      "targets":[
         "AIVI2P1M"
      ],
      "map cut variants":[
         "APAC_ST2.1_N_MID"
      ],
      "DATASET_NAME":"AIVI21_TTP5_TTC2_2022.09_2.4.3_APAC_1.0.0",
      "RELEASE_CYCLE":"2022.09",
      "TT Identifier":"CP-TT-TTC2.TTP5.T-MAP.APAC.NDS-11.0.0",
      "Compatibility Number":[
         "1"
      ],
      "TNS_NAVIGATIONSOFTWARECOMPATIBILITYLIST":"CI-BOSCH-ALLIANCE.AIVI.P-NAVSW-1.0.0",
      "RELEASE_STATUS_ID":4,
      "Release Status":"6 released",
      "recommended":"recommended",
      "F_DATASET_MITSUBISHI_RELEASE_STATUS":-99,
      "F_DATASET_MITSUBISHI_RELEASE_STATUS_DESC":"N.A.",
      "F_DATASET_NISSAN_RELEASE_STATUS":-99,
      "F_DATASET_NISSAN_RELEASE_STATUS_DESC":"N.A.",
      "F_DATASET_RENAULT_RELEASE_STATUS":-99,
      "F_DATASET_RENAULT_RELEASE_STATUS_DESC":"N.A.",
      "TT_MAP_SYSTEM_JQTA_STATUS_ID":3,
      "TT_MAP_SYSTEM_JQTA_STATUS_DESC":"Done",
      "TT_MAP_SYSTEM_JQTA_JIRA_TICKET":"AIVIOEM-5806",
      "TT_MAP_SYSTEM_JQTA_RESOLUTION_ID":5,
      "TT_MAP_SYSTEM_JQTA_RESOLUTION":"Released",
      "RELEASE_STATUS_STORED":"4 released for development only",
      "OLD_RECOMMENDED":"NA",
      "UPDATE_TIME":"2023-01-31T00:00:00",
      "data supplier release date":"31.01.2023",
      "customers":"RNAIVI",
      "comments":"\"2022.09 : Latest APAC data will be moved to 6.releases based on project request\"",
      "artifactory repo":"nav-data-repos",
      "region":"APAC",
      "registry_variant":"eur",
      "ESNCCB release":"NDSVALIDATION-2300",
      "Release Process Cover Task":"NDSVALIDATION-2295",
      "speech config":[
         "ASR"
      ],
      "test attributes":"DEFAULT",
      "path":"DATA-STORE/Nissan/ROW/AIVI21_TTP5_TTC2_2022.09_2.4.3_APAC_1.0.0/DATA",
      "MAP_CUT_VARIANT_NUMBERED":421,
      "MD5_BASE64":"76bcde270df9af01b737aa8d526f5ad2",
      "BRAND":"Nissan",
      "NISSAN_FULLUPDATE_VERSION_STRING":"17327_14_14",
      "RENAULT_FULLUPDATE_VERSION_STRING":"2023.V1",
      "OEM Part Number Entry":"259284511R",
      "OEM Part Number Mid":"259289143R",
      "DATASET_VERSION":"AIVI21",
      "QUERY_TIME":"2024.01.10 15:08:42",
      "FILTERED_RANK":1,
      "VERSION_TOOLING_INFO":"7.0.0",
      "TIME_VERSIONED_FILE_NAME":"WHITE_LIST_FILTER__37_293_321_323_326_346_353_359__data_sets_20240110_150842.json"
   },
   {
      "DATASET_ID":293,
      "DEVICE_TYPE":"AIVI2P1M",
      "MAP_CUT_VARIANT":"EUR-PAM6_AIVI2P1_N_MID",
      "TT_REGION":"EUR-PAM6",
      "SEQ_NR":"1",
      "RECOMMENDED_RANK":2,
      "targets":[
         "AIVI2P1M"
      ],
      "map cut variants":[
         "EUR-PAM6_AIVI2P1_N_MID"
      ],
      "DATASET_NAME":"AIVI2P1_TTP8_TTC2_2022.06_2.4.3_EUR-PAM6_1.0.0",
      "RELEASE_CYCLE":"2022.06",
      "TT Identifier":"CP-TT-TTC2.TTP8.P-MAP.EUR-PAM6.NDS-6.0.0",
      "Compatibility Number":[
         "2"
      ],
      "TNS_NAVIGATIONSOFTWARECOMPATIBILITYLIST":"CI-BOSCH-ALLIANCE.AIVI.P-NAVSW-2.0.0",
      "RELEASE_STATUS_ID":4,
      "Release Status":"6 released",
      "recommended":"recommended",
      "F_DATASET_MITSUBISHI_RELEASE_STATUS":-99,
      "F_DATASET_MITSUBISHI_RELEASE_STATUS_DESC":"N.A.",
      "F_DATASET_NISSAN_RELEASE_STATUS":-99,
      "F_DATASET_NISSAN_RELEASE_STATUS_DESC":"N.A.",
      "F_DATASET_RENAULT_RELEASE_STATUS":-99,
      "F_DATASET_RENAULT_RELEASE_STATUS_DESC":"N.A.",
      "TT_MAP_SYSTEM_JQTA_STATUS_ID":3,
      "TT_MAP_SYSTEM_JQTA_STATUS_DESC":"Done",
      "TT_MAP_SYSTEM_JQTA_JIRA_TICKET":"AIVIOEM-5585",
      "TT_MAP_SYSTEM_JQTA_RESOLUTION_ID":5,
      "TT_MAP_SYSTEM_JQTA_RESOLUTION":"Released",
      "RELEASE_STATUS_STORED":"4 released for development only",
      "OLD_RECOMMENDED":"NA",
      "UPDATE_TIME":"2022-10-07T00:00:00",
      "data supplier release date":"07.10.2022",
      "customers":"RNAIVI",
      "comments":"\"2022.06 : Latest EUR-PAM6 data will be moved to 6.releases based on project request\"",
      "artifactory repo":"nav-data-repos",
      "region":"EUR",
      "registry_variant":"eur",
      "ESNCCB release":"NDSVALIDATION-1873",
      "Release Process Cover Task":"NDSVALIDATION-1868",
      "speech config":[
         "ASR"
      ],
      "test attributes":"DEFAULT",
      "path":"DATA-STORE/Nissan/EUR/AIVI2P1_TTP8_TTC2_2022.06_2.4.3_EUR-PAM6_1.0.0/DATA",
      "MAP_CUT_VARIANT_NUMBERED":811,
      "MD5_BASE64":"cc4d541724e2b895a9fdf517080d2150",
      "BRAND":"Nissan",
      "NISSAN_FULLUPDATE_VERSION_STRING":"22219_0_5",
      "RENAULT_FULLUPDATE_VERSION_STRING":"2023.V1",
      "OEM Part Number Entry":"Undefined",
      "OEM Part Number Mid":"Undefined",
      "DATASET_VERSION":"AIVI2P1",
      "QUERY_TIME":"2024.01.10 15:08:42",
      "FILTERED_RANK":1,
      "VERSION_TOOLING_INFO":"7.0.0",
      "TIME_VERSIONED_FILE_NAME":"WHITE_LIST_FILTER__37_293_321_323_326_346_353_359__data_sets_20240110_150842.json"
   },
   {
      "DATASET_ID":353,
      "DEVICE_TYPE":"AIVI2P1M",
      "MAP_CUT_VARIANT":"ISR_ST2.1_N_MID",
      "TT_REGION":"ISR",
      "SEQ_NR":"1",
      "RECOMMENDED_RANK":2,
      "targets":[
         "AIVI2P1M"
      ],
      "map cut variants":[
         "ISR_ST2.1_N_MID"
      ],
      "DATASET_NAME":"AIVI21_TTP5_TTC2_2022.12_2.4.3_ISR_1.0.0",
      "RELEASE_CYCLE":"2022.12",
      "TT Identifier":"CP-TT-TTC2.TTP5.T-MAP.ISR.NDS-12.0.0",
      "Compatibility Number":[
         "1"
      ],
      "TNS_NAVIGATIONSOFTWARECOMPATIBILITYLIST":"CI-BOSCH-ALLIANCE.AIVI.P-NAVSW-1.0.0",
      "RELEASE_STATUS_ID":4,
      "Release Status":"6 released",
      "recommended":"recommended",
      "F_DATASET_MITSUBISHI_RELEASE_STATUS":-99,
      "F_DATASET_MITSUBISHI_RELEASE_STATUS_DESC":"N.A.",
      "F_DATASET_NISSAN_RELEASE_STATUS":-99,
      "F_DATASET_NISSAN_RELEASE_STATUS_DESC":"N.A.",
      "F_DATASET_RENAULT_RELEASE_STATUS":-99,
      "F_DATASET_RENAULT_RELEASE_STATUS_DESC":"N.A.",
      "TT_MAP_SYSTEM_JQTA_STATUS_ID":3,
      "TT_MAP_SYSTEM_JQTA_STATUS_DESC":"Done",
      "TT_MAP_SYSTEM_JQTA_JIRA_TICKET":"AIVIOEM-5903",
      "TT_MAP_SYSTEM_JQTA_RESOLUTION_ID":5,
      "TT_MAP_SYSTEM_JQTA_RESOLUTION":"Released",
      "RELEASE_STATUS_STORED":"4 released for development only",
      "OLD_RECOMMENDED":"NA",
      "UPDATE_TIME":"2023-05-22T00:00:00",
      "data supplier release date":"22.05.2023",
      "customers":"RNAIVI",
      "comments":"\"2022.12 : Latest ISR data will be moved to 6.releases based on project request\"",
      "artifactory repo":"nav-data-repos",
      "region":"ISR",
      "registry_variant":"eur",
      "ESNCCB release":"NDSVALIDATION-2576",
      "Release Process Cover Task":"NDSVALIDATION-2571",
      "speech config":[
         "ASR"
      ],
      "test attributes":"DEFAULT",
      "path":"DATA-STORE/Nissan/ROW/AIVI21_TTP5_TTC2_2022.12_2.4.3_ISR_1.0.0/DATA",
      "MAP_CUT_VARIANT_NUMBERED":422,
      "MD5_BASE64":"b30f22c9d4a0e8b977c7dd743c115a3b",
      "BRAND":"Nissan",
      "NISSAN_FULLUPDATE_VERSION_STRING":"17318_11_11",
      "RENAULT_FULLUPDATE_VERSION_STRING":"2023.V2",
      "OEM Part Number Entry":"259283922R",
      "OEM Part Number Mid":"259287851R",
      "DATASET_VERSION":"AIVI21",
      "QUERY_TIME":"2024.01.10 15:08:42",
      "FILTERED_RANK":1,
      "VERSION_TOOLING_INFO":"7.0.0",
      "TIME_VERSIONED_FILE_NAME":"WHITE_LIST_FILTER__37_293_321_323_326_346_353_359__data_sets_20240110_150842.json"
   },
   {
      "DATASET_ID":326,
      "DEVICE_TYPE":"AIVI2P1M",
      "MAP_CUT_VARIANT":"MAR_ST2.1_N_MID",
      "TT_REGION":"MAR",
      "SEQ_NR":"1",
      "RECOMMENDED_RANK":2,
      "targets":[
         "AIVI2P1M"
      ],
      "map cut variants":[
         "MAR_ST2.1_N_MID"
      ],
      "DATASET_NAME":"AIVI21_TTP5_TTC2_2022.09_2.4.3_MAR_1.0.0",
      "RELEASE_CYCLE":"2022.09",
      "TT Identifier":"CP-TT-TTC2.TTP5.T-MAP.MAR.NDS-11.0.0",
      "Compatibility Number":[
         "1"
      ],
      "TNS_NAVIGATIONSOFTWARECOMPATIBILITYLIST":"CI-BOSCH-ALLIANCE.AIVI.P-NAVSW-1.0.0",
      "RELEASE_STATUS_ID":4,
      "Release Status":"6 released",
      "recommended":"recommended",
      "F_DATASET_MITSUBISHI_RELEASE_STATUS":-99,
      "F_DATASET_MITSUBISHI_RELEASE_STATUS_DESC":"N.A.",
      "F_DATASET_NISSAN_RELEASE_STATUS":-99,
      "F_DATASET_NISSAN_RELEASE_STATUS_DESC":"N.A.",
      "F_DATASET_RENAULT_RELEASE_STATUS":-99,
      "F_DATASET_RENAULT_RELEASE_STATUS_DESC":"N.A.",
      "TT_MAP_SYSTEM_JQTA_STATUS_ID":3,
      "TT_MAP_SYSTEM_JQTA_STATUS_DESC":"Done",
      "TT_MAP_SYSTEM_JQTA_JIRA_TICKET":"AIVIOEM-5816",
      "TT_MAP_SYSTEM_JQTA_RESOLUTION_ID":5,
      "TT_MAP_SYSTEM_JQTA_RESOLUTION":"Released",
      "RELEASE_STATUS_STORED":"4 released for development only",
      "OLD_RECOMMENDED":"NA",
      "UPDATE_TIME":"2023-01-31T00:00:00",
      "data supplier release date":"31.01.2023",
      "customers":"RNAIVI",
      "comments":"\"2022.09 : Latest MAR  data will be moved to 6.releases based on project request\"",
      "artifactory repo":"nav-data-repos",
      "region":"MAR",
      "registry_variant":"eur",
      "ESNCCB release":"NDSVALIDATION-2365",
      "Release Process Cover Task":"NDSVALIDATION-2360",
      "speech config":[
         "ASR"
      ],
      "test attributes":"DEFAULT",
      "path":"DATA-STORE/Nissan/ROW/AIVI21_TTP5_TTC2_2022.09_2.4.3_MAR_1.0.0/DATA",
      "MAP_CUT_VARIANT_NUMBERED":408,
      "MD5_BASE64":"ed03dda175e46f7e9f4612b1b23008de",
      "BRAND":"Nissan",
      "NISSAN_FULLUPDATE_VERSION_STRING":"17332_9_9",
      "RENAULT_FULLUPDATE_VERSION_STRING":"2023.V1",
      "OEM Part Number Entry":"259282329R",
      "OEM Part Number Mid":"259287712R",
      "DATASET_VERSION":"AIVI21",
      "QUERY_TIME":"2024.01.10 15:08:42",
      "FILTERED_RANK":1,
      "VERSION_TOOLING_INFO":"7.0.0",
      "TIME_VERSIONED_FILE_NAME":"WHITE_LIST_FILTER__37_293_321_323_326_346_353_359__data_sets_20240110_150842.json"
   },
   {
      "DATASET_ID":359,
      "DEVICE_TYPE":"AIVI2P1M",
      "MAP_CUT_VARIANT":"MEA_ST2.1_N_MID",
      "TT_REGION":"MEA",
      "SEQ_NR":"1",
      "RECOMMENDED_RANK":1,
      "targets":[
         "AIVI2P1M"
      ],
      "map cut variants":[
         "MEA_ST2.1_N_MID"
      ],
      "DATASET_NAME":"AIVI21_TTP5_TTC2_2022.12_2.4.3_MEA_2.0.0",
      "RELEASE_CYCLE":"2022.12",
      "TT Identifier":"CP-TT-TTC2.TTP5.T-MAP.MEA.NDS-14.1.0",
      "Compatibility Number":[
         "1"
      ],
      "TNS_NAVIGATIONSOFTWARECOMPATIBILITYLIST":"CI-BOSCH-ALLIANCE.AIVI.P-NAVSW-1.0.0",
      "RELEASE_STATUS_ID":4,
      "Release Status":"6 released",
      "recommended":"recommended",
      "F_DATASET_MITSUBISHI_RELEASE_STATUS":-99,
      "F_DATASET_MITSUBISHI_RELEASE_STATUS_DESC":"N.A.",
      "F_DATASET_NISSAN_RELEASE_STATUS":-99,
      "F_DATASET_NISSAN_RELEASE_STATUS_DESC":"N.A.",
      "F_DATASET_RENAULT_RELEASE_STATUS":-99,
      "F_DATASET_RENAULT_RELEASE_STATUS_DESC":"N.A.",
      "TT_MAP_SYSTEM_JQTA_STATUS_ID":3,
      "TT_MAP_SYSTEM_JQTA_STATUS_DESC":"Done",
      "TT_MAP_SYSTEM_JQTA_JIRA_TICKET":"AIVIOEM-5917",
      "TT_MAP_SYSTEM_JQTA_RESOLUTION_ID":5,
      "TT_MAP_SYSTEM_JQTA_RESOLUTION":"Released",
      "RELEASE_STATUS_STORED":"4 released for development only",
      "OLD_RECOMMENDED":"NA",
      "UPDATE_TIME":"2023-05-03T00:00:00",
      "data supplier release date":"03.05.2023",
      "customers":"RNAIVI",
      "comments":"\"2022.12 : Latest MEA data will be moved to 6.releases based on project request\"",
      "artifactory repo":"nav-data-repos",
      "region":"MEA",
      "registry_variant":"eur",
      "ESNCCB release":"NDSVALIDATION-2662",
      "Release Process Cover Task":"NDSVALIDATION-2657",
      "speech config":[
         "ASR"
      ],
      "test attributes":"DEFAULT",
      "path":"DATA-STORE/Nissan/ROW/AIVI21_TTP5_TTC2_2022.12_2.4.3_MEA_2.0.0/DATA",
      "MAP_CUT_VARIANT_NUMBERED":407,
      "MD5_BASE64":"ef362f4e2dad43001be45eacd550097f",
      "BRAND":"Nissan",
      "NISSAN_FULLUPDATE_VERSION_STRING":"17282_0_17",
      "RENAULT_FULLUPDATE_VERSION_STRING":"2023.V2",
      "OEM Part Number Entry":"259281129R",
      "OEM Part Number Mid":"259287665R",
      "DATASET_VERSION":"AIVI21",
      "QUERY_TIME":"2024.01.10 15:08:42",
      "FILTERED_RANK":1,
      "VERSION_TOOLING_INFO":"7.0.0",
      "TIME_VERSIONED_FILE_NAME":"WHITE_LIST_FILTER__37_293_321_323_326_346_353_359__data_sets_20240110_150842.json"
   },
   {
      "DATASET_ID":37,
      "DEVICE_TYPE":"AIVI2P1M",
      "MAP_CUT_VARIANT":"SAM-ARG_ST2.1_N_MID",
      "TT_REGION":"SAM-ARG",
      "SEQ_NR":"2",
      "RECOMMENDED_RANK":7,
      "targets":[
         "AIVI2P1M"
      ],
      "map cut variants":[
         "SAM-ARG_ST2.1_N_MID"
      ],
      "DATASET_NAME":"AIVI21_TTP5_TTC2_2019.04_2.4.3_SAM-ARG_1.0.0",
      "RELEASE_CYCLE":"2019.04",
      "TT Identifier":"CP-TT-TTC2.TTP5.T-MAP.SAM-ARG.NDS-5.0.0",
      "Compatibility Number":[
         "1"
      ],
      "TNS_NAVIGATIONSOFTWARECOMPATIBILITYLIST":"CI-BOSCH-ALLIANCE.AIVI.P-NAVSW-1.0.0",
      "RELEASE_STATUS_ID":4,
      "Release Status":"6 released",
      "recommended":"recommended",
      "F_DATASET_MITSUBISHI_RELEASE_STATUS":-99,
      "F_DATASET_MITSUBISHI_RELEASE_STATUS_DESC":"N.A.",
      "F_DATASET_NISSAN_RELEASE_STATUS":2,
      "F_DATASET_NISSAN_RELEASE_STATUS_DESC":"Release For Production",
      "F_DATASET_RENAULT_RELEASE_STATUS":2,
      "F_DATASET_RENAULT_RELEASE_STATUS_DESC":"Release For Production",
      "TT_MAP_SYSTEM_JQTA_STATUS_ID":-99,
      "TT_MAP_SYSTEM_JQTA_STATUS_DESC":"N.A.",
      "TT_MAP_SYSTEM_JQTA_JIRA_TICKET":"N.A.",
      "TT_MAP_SYSTEM_JQTA_RESOLUTION_ID":null,
      "TT_MAP_SYSTEM_JQTA_RESOLUTION":"N.A.",
      "RELEASE_STATUS_STORED":"4 released for development only",
      "OLD_RECOMMENDED":"NA",
      "UPDATE_TIME":"2022-04-27T12:38:29",
      "data supplier release date":"27.04.2022",
      "customers":"RNAIVI",
      "comments":"\"maintenance_normalize_release_status\"",
      "artifactory repo":"nav-data-repos",
      "region":"SAM-ARG",
      "registry_variant":"eur",
      "ESNCCB release":"RTC-647883",
      "Release Process Cover Task":"RTC-647882",
      "speech config":[
         "ASR"
      ],
      "test attributes":"DEFAULT",
      "path":"DATA-STORE/Nissan/ROW/AIVI21_TTP5_TTC2_2019.04_2.4.3_SAM-ARG_1.0.0/DATA",
      "MAP_CUT_VARIANT_NUMBERED":405,
      "MD5_BASE64":"da2331d5e1cda4a286695da40488ca2e",
      "BRAND":"Nissan",
      "NISSAN_FULLUPDATE_VERSION_STRING":"18007_3_3",
      "RENAULT_FULLUPDATE_VERSION_STRING":"2019.V2",
      "OEM Part Number Entry":"259287454R",
      "OEM Part Number Mid":"259288618R",
      "DATASET_VERSION":"AIVI21",
      "QUERY_TIME":"2024.01.10 15:08:42",
      "FILTERED_RANK":1,
      "VERSION_TOOLING_INFO":"7.0.0",
      "TIME_VERSIONED_FILE_NAME":"WHITE_LIST_FILTER__37_293_321_323_326_346_353_359__data_sets_20240110_150842.json"
   },
   {
      "DATASET_ID":346,
      "DEVICE_TYPE":"AIVI2P1M",
      "MAP_CUT_VARIANT":"TUR_ST2.1_N_MID",
      "TT_REGION":"TUR",
      "SEQ_NR":"1",
      "RECOMMENDED_RANK":2,
      "targets":[
         "AIVI2P1M"
      ],
      "map cut variants":[
         "TUR_ST2.1_N_MID"
      ],
      "DATASET_NAME":"AIVI21_TTP5_TTC2_2022.12_2.4.3_TUR_1.0.0",
      "RELEASE_CYCLE":"2022.12",
      "TT Identifier":"CP-TT-TTC2.TTP5.T-MAP.TUR.NDS-12.0.0",
      "Compatibility Number":[
         "1"
      ],
      "TNS_NAVIGATIONSOFTWARECOMPATIBILITYLIST":"CI-BOSCH-ALLIANCE.AIVI.P-NAVSW-1.0.0",
      "RELEASE_STATUS_ID":4,
      "Release Status":"6 released",
      "recommended":"recommended",
      "F_DATASET_MITSUBISHI_RELEASE_STATUS":-99,
      "F_DATASET_MITSUBISHI_RELEASE_STATUS_DESC":"N.A.",
      "F_DATASET_NISSAN_RELEASE_STATUS":-99,
      "F_DATASET_NISSAN_RELEASE_STATUS_DESC":"N.A.",
      "F_DATASET_RENAULT_RELEASE_STATUS":-99,
      "F_DATASET_RENAULT_RELEASE_STATUS_DESC":"N.A.",
      "TT_MAP_SYSTEM_JQTA_STATUS_ID":3,
      "TT_MAP_SYSTEM_JQTA_STATUS_DESC":"Done",
      "TT_MAP_SYSTEM_JQTA_JIRA_TICKET":"AIVIOEM-5900",
      "TT_MAP_SYSTEM_JQTA_RESOLUTION_ID":5,
      "TT_MAP_SYSTEM_JQTA_RESOLUTION":"Released",
      "RELEASE_STATUS_STORED":"4 released for development only",
      "OLD_RECOMMENDED":"NA",
      "UPDATE_TIME":"2023-05-22T00:00:00",
      "data supplier release date":"22.05.2023",
      "customers":"RNAIVI",
      "comments":"\"2022.12 : Latest TUR data will be moved to 6.releases based on project request\"",
      "artifactory repo":"nav-data-repos",
      "region":"TUR-EUR",
      "registry_variant":"eur",
      "ESNCCB release":"NDSVALIDATION-2550",
      "Release Process Cover Task":"NDSVALIDATION-2545",
      "speech config":[
         "ASR"
      ],
      "test attributes":"DEFAULT",
      "path":"DATA-STORE/Nissan/EUR/AIVI21_TTP5_TTC2_2022.12_2.4.3_TUR_1.0.0/DATA",
      "MAP_CUT_VARIANT_NUMBERED":415,
      "MD5_BASE64":"339ff7dc4824e6eea690254cacac34d9",
      "BRAND":"Nissan",
      "NISSAN_FULLUPDATE_VERSION_STRING":"17651_0_10",
      "RENAULT_FULLUPDATE_VERSION_STRING":"2023.V2",
      "OEM Part Number Entry":"259280591R",
      "OEM Part Number Mid":"259287448R",
      "DATASET_VERSION":"AIVI21",
      "QUERY_TIME":"2024.01.10 15:08:42",
      "FILTERED_RANK":1,
      "VERSION_TOOLING_INFO":"7.0.0",
      "TIME_VERSIONED_FILE_NAME":"WHITE_LIST_FILTER__37_293_321_323_326_346_353_359__data_sets_20240110_150842.json"
   },
   {
      "DATASET_ID":323,
      "DEVICE_TYPE":"MIVI",
      "MAP_CUT_VARIANT":"AFR_ST2.1_N_MID",
      "TT_REGION":"AFR",
      "SEQ_NR":"1",
      "RECOMMENDED_RANK":2,
      "targets":[
         "MIVI"
      ],
      "map cut variants":[
         "AFR_ST2.1_N_MID"
      ],
      "DATASET_NAME":"AIVI21_TTP5_TTC2_2022.09_2.4.3_AFR_1.0.0",
      "RELEASE_CYCLE":"2022.09",
      "TT Identifier":"CP-TT-TTC2.TTP5.T-MAP.AFR.NDS-11.0.0",
      "Compatibility Number":[
         "1"
      ],
      "TNS_NAVIGATIONSOFTWARECOMPATIBILITYLIST":"CI-BOSCH-ALLIANCE.AIVI.P-NAVSW-1.0.0",
      "RELEASE_STATUS_ID":4,
      "Release Status":"6 released",
      "recommended":"recommended",
      "F_DATASET_MITSUBISHI_RELEASE_STATUS":-99,
      "F_DATASET_MITSUBISHI_RELEASE_STATUS_DESC":"N.A.",
      "F_DATASET_NISSAN_RELEASE_STATUS":-99,
      "F_DATASET_NISSAN_RELEASE_STATUS_DESC":"N.A.",
      "F_DATASET_RENAULT_RELEASE_STATUS":-99,
      "F_DATASET_RENAULT_RELEASE_STATUS_DESC":"N.A.",
      "TT_MAP_SYSTEM_JQTA_STATUS_ID":3,
      "TT_MAP_SYSTEM_JQTA_STATUS_DESC":"Done",
      "TT_MAP_SYSTEM_JQTA_JIRA_TICKET":"AIVIOEM-5811",
      "TT_MAP_SYSTEM_JQTA_RESOLUTION_ID":5,
      "TT_MAP_SYSTEM_JQTA_RESOLUTION":"Released",
      "RELEASE_STATUS_STORED":"4 released for development only",
      "OLD_RECOMMENDED":"NA",
      "UPDATE_TIME":"2023-01-31T00:00:00",
      "data supplier release date":"31.01.2023",
      "customers":"RNAIVI",
      "comments":"\"2022.09 : Latest AFR data will be moved to 6.releases based on project request\"",
      "artifactory repo":"nav-data-repos",
      "region":"AFR",
      "registry_variant":"eur",
      "ESNCCB release":"NDSVALIDATION-2330",
      "Release Process Cover Task":"NDSVALIDATION-2325",
      "speech config":[
         "ASR"
      ],
      "test attributes":"DEFAULT",
      "path":"DATA-STORE/Nissan/ROW/AIVI21_TTP5_TTC2_2022.09_2.4.3_AFR_1.0.0/DATA",
      "MAP_CUT_VARIANT_NUMBERED":409,
      "MD5_BASE64":"2e4b60d8749fc2aa3ef115cb5ebde2bf",
      "BRAND":"Mitsubishi",
      "NISSAN_FULLUPDATE_VERSION_STRING":"17317_0_10",
      "RENAULT_FULLUPDATE_VERSION_STRING":"2023.V1",
      "OEM Part Number Entry":"259284675R",
      "OEM Part Number Mid":"259289535R",
      "DATASET_VERSION":"AIVI21",
      "QUERY_TIME":"2024.01.10 15:08:42",
      "FILTERED_RANK":1,
      "VERSION_TOOLING_INFO":"7.0.0",
      "TIME_VERSIONED_FILE_NAME":"WHITE_LIST_FILTER__37_293_321_323_326_346_353_359__data_sets_20240110_150842.json"
   },
   {
      "DATASET_ID":321,
      "DEVICE_TYPE":"MIVI",
      "MAP_CUT_VARIANT":"APAC_ST2.1_N_MID",
      "TT_REGION":"APAC",
      "SEQ_NR":"1",
      "RECOMMENDED_RANK":2,
      "targets":[
         "MIVI"
      ],
      "map cut variants":[
         "APAC_ST2.1_N_MID"
      ],
      "DATASET_NAME":"AIVI21_TTP5_TTC2_2022.09_2.4.3_APAC_1.0.0",
      "RELEASE_CYCLE":"2022.09",
      "TT Identifier":"CP-TT-TTC2.TTP5.T-MAP.APAC.NDS-11.0.0",
      "Compatibility Number":[
         "1"
      ],
      "TNS_NAVIGATIONSOFTWARECOMPATIBILITYLIST":"CI-BOSCH-ALLIANCE.AIVI.P-NAVSW-1.0.0",
      "RELEASE_STATUS_ID":4,
      "Release Status":"6 released",
      "recommended":"recommended",
      "F_DATASET_MITSUBISHI_RELEASE_STATUS":-99,
      "F_DATASET_MITSUBISHI_RELEASE_STATUS_DESC":"N.A.",
      "F_DATASET_NISSAN_RELEASE_STATUS":-99,
      "F_DATASET_NISSAN_RELEASE_STATUS_DESC":"N.A.",
      "F_DATASET_RENAULT_RELEASE_STATUS":-99,
      "F_DATASET_RENAULT_RELEASE_STATUS_DESC":"N.A.",
      "TT_MAP_SYSTEM_JQTA_STATUS_ID":3,
      "TT_MAP_SYSTEM_JQTA_STATUS_DESC":"Done",
      "TT_MAP_SYSTEM_JQTA_JIRA_TICKET":"AIVIOEM-5806",
      "TT_MAP_SYSTEM_JQTA_RESOLUTION_ID":5,
      "TT_MAP_SYSTEM_JQTA_RESOLUTION":"Released",
      "RELEASE_STATUS_STORED":"4 released for development only",
      "OLD_RECOMMENDED":"NA",
      "UPDATE_TIME":"2023-01-31T00:00:00",
      "data supplier release date":"31.01.2023",
      "customers":"RNAIVI",
      "comments":"\"2022.09 : Latest APAC data will be moved to 6.releases based on project request\"",
      "artifactory repo":"nav-data-repos",
      "region":"APAC",
      "registry_variant":"eur",
      "ESNCCB release":"NDSVALIDATION-2300",
      "Release Process Cover Task":"NDSVALIDATION-2295",
      "speech config":[
         "ASR"
      ],
      "test attributes":"DEFAULT",
      "path":"DATA-STORE/Nissan/ROW/AIVI21_TTP5_TTC2_2022.09_2.4.3_APAC_1.0.0/DATA",
      "MAP_CUT_VARIANT_NUMBERED":421,
      "MD5_BASE64":"76bcde270df9af01b737aa8d526f5ad2",
      "BRAND":"Mitsubishi",
      "NISSAN_FULLUPDATE_VERSION_STRING":"17327_14_14",
      "RENAULT_FULLUPDATE_VERSION_STRING":"2023.V1",
      "OEM Part Number Entry":"259284511R",
      "OEM Part Number Mid":"259289143R",
      "DATASET_VERSION":"AIVI21",
      "QUERY_TIME":"2024.01.10 15:08:42",
      "FILTERED_RANK":1,
      "VERSION_TOOLING_INFO":"7.0.0",
      "TIME_VERSIONED_FILE_NAME":"WHITE_LIST_FILTER__37_293_321_323_326_346_353_359__data_sets_20240110_150842.json"
   },
   {
      "DATASET_ID":353,
      "DEVICE_TYPE":"MIVI",
      "MAP_CUT_VARIANT":"ISR_ST2.1_N_MID",
      "TT_REGION":"ISR",
      "SEQ_NR":"1",
      "RECOMMENDED_RANK":2,
      "targets":[
         "MIVI"
      ],
      "map cut variants":[
         "ISR_ST2.1_N_MID"
      ],
      "DATASET_NAME":"AIVI21_TTP5_TTC2_2022.12_2.4.3_ISR_1.0.0",
      "RELEASE_CYCLE":"2022.12",
      "TT Identifier":"CP-TT-TTC2.TTP5.T-MAP.ISR.NDS-12.0.0",
      "Compatibility Number":[
         "1"
      ],
      "TNS_NAVIGATIONSOFTWARECOMPATIBILITYLIST":"CI-BOSCH-ALLIANCE.AIVI.P-NAVSW-1.0.0",
      "RELEASE_STATUS_ID":4,
      "Release Status":"6 released",
      "recommended":"recommended",
      "F_DATASET_MITSUBISHI_RELEASE_STATUS":-99,
      "F_DATASET_MITSUBISHI_RELEASE_STATUS_DESC":"N.A.",
      "F_DATASET_NISSAN_RELEASE_STATUS":-99,
      "F_DATASET_NISSAN_RELEASE_STATUS_DESC":"N.A.",
      "F_DATASET_RENAULT_RELEASE_STATUS":-99,
      "F_DATASET_RENAULT_RELEASE_STATUS_DESC":"N.A.",
      "TT_MAP_SYSTEM_JQTA_STATUS_ID":3,
      "TT_MAP_SYSTEM_JQTA_STATUS_DESC":"Done",
      "TT_MAP_SYSTEM_JQTA_JIRA_TICKET":"AIVIOEM-5903",
      "TT_MAP_SYSTEM_JQTA_RESOLUTION_ID":5,
      "TT_MAP_SYSTEM_JQTA_RESOLUTION":"Released",
      "RELEASE_STATUS_STORED":"4 released for development only",
      "OLD_RECOMMENDED":"NA",
      "UPDATE_TIME":"2023-05-22T00:00:00",
      "data supplier release date":"22.05.2023",
      "customers":"RNAIVI",
      "comments":"\"2022.12 : Latest ISR data will be moved to 6.releases based on project request\"",
      "artifactory repo":"nav-data-repos",
      "region":"ISR",
      "registry_variant":"eur",
      "ESNCCB release":"NDSVALIDATION-2576",
      "Release Process Cover Task":"NDSVALIDATION-2571",
      "speech config":[
         "ASR"
      ],
      "test attributes":"DEFAULT",
      "path":"DATA-STORE/Nissan/ROW/AIVI21_TTP5_TTC2_2022.12_2.4.3_ISR_1.0.0/DATA",
      "MAP_CUT_VARIANT_NUMBERED":422,
      "MD5_BASE64":"b30f22c9d4a0e8b977c7dd743c115a3b",
      "BRAND":"Mitsubishi",
      "NISSAN_FULLUPDATE_VERSION_STRING":"17318_11_11",
      "RENAULT_FULLUPDATE_VERSION_STRING":"2023.V2",
      "OEM Part Number Entry":"259283922R",
      "OEM Part Number Mid":"259287851R",
      "DATASET_VERSION":"AIVI21",
      "QUERY_TIME":"2024.01.10 15:08:42",
      "FILTERED_RANK":1,
      "VERSION_TOOLING_INFO":"7.0.0",
      "TIME_VERSIONED_FILE_NAME":"WHITE_LIST_FILTER__37_293_321_323_326_346_353_359__data_sets_20240110_150842.json"
   },
   {
      "DATASET_ID":326,
      "DEVICE_TYPE":"MIVI",
      "MAP_CUT_VARIANT":"MAR_ST2.1_N_MID",
      "TT_REGION":"MAR",
      "SEQ_NR":"1",
      "RECOMMENDED_RANK":2,
      "targets":[
         "MIVI"
      ],
      "map cut variants":[
         "MAR_ST2.1_N_MID"
      ],
      "DATASET_NAME":"AIVI21_TTP5_TTC2_2022.09_2.4.3_MAR_1.0.0",
      "RELEASE_CYCLE":"2022.09",
      "TT Identifier":"CP-TT-TTC2.TTP5.T-MAP.MAR.NDS-11.0.0",
      "Compatibility Number":[
         "1"
      ],
      "TNS_NAVIGATIONSOFTWARECOMPATIBILITYLIST":"CI-BOSCH-ALLIANCE.AIVI.P-NAVSW-1.0.0",
      "RELEASE_STATUS_ID":4,
      "Release Status":"6 released",
      "recommended":"recommended",
      "F_DATASET_MITSUBISHI_RELEASE_STATUS":-99,
      "F_DATASET_MITSUBISHI_RELEASE_STATUS_DESC":"N.A.",
      "F_DATASET_NISSAN_RELEASE_STATUS":-99,
      "F_DATASET_NISSAN_RELEASE_STATUS_DESC":"N.A.",
      "F_DATASET_RENAULT_RELEASE_STATUS":-99,
      "F_DATASET_RENAULT_RELEASE_STATUS_DESC":"N.A.",
      "TT_MAP_SYSTEM_JQTA_STATUS_ID":3,
      "TT_MAP_SYSTEM_JQTA_STATUS_DESC":"Done",
      "TT_MAP_SYSTEM_JQTA_JIRA_TICKET":"AIVIOEM-5816",
      "TT_MAP_SYSTEM_JQTA_RESOLUTION_ID":5,
      "TT_MAP_SYSTEM_JQTA_RESOLUTION":"Released",
      "RELEASE_STATUS_STORED":"4 released for development only",
      "OLD_RECOMMENDED":"NA",
      "UPDATE_TIME":"2023-01-31T00:00:00",
      "data supplier release date":"31.01.2023",
      "customers":"RNAIVI",
      "comments":"\"2022.09 : Latest MAR  data will be moved to 6.releases based on project request\"",
      "artifactory repo":"nav-data-repos",
      "region":"MAR",
      "registry_variant":"eur",
      "ESNCCB release":"NDSVALIDATION-2365",
      "Release Process Cover Task":"NDSVALIDATION-2360",
      "speech config":[
         "ASR"
      ],
      "test attributes":"DEFAULT",
      "path":"DATA-STORE/Nissan/ROW/AIVI21_TTP5_TTC2_2022.09_2.4.3_MAR_1.0.0/DATA",
      "MAP_CUT_VARIANT_NUMBERED":408,
      "MD5_BASE64":"ed03dda175e46f7e9f4612b1b23008de",
      "BRAND":"Mitsubishi",
      "NISSAN_FULLUPDATE_VERSION_STRING":"17332_9_9",
      "RENAULT_FULLUPDATE_VERSION_STRING":"2023.V1",
      "OEM Part Number Entry":"259282329R",
      "OEM Part Number Mid":"259287712R",
      "DATASET_VERSION":"AIVI21",
      "QUERY_TIME":"2024.01.10 15:08:42",
      "FILTERED_RANK":1,
      "VERSION_TOOLING_INFO":"7.0.0",
      "TIME_VERSIONED_FILE_NAME":"WHITE_LIST_FILTER__37_293_321_323_326_346_353_359__data_sets_20240110_150842.json"
   },
   {
      "DATASET_ID":359,
      "DEVICE_TYPE":"MIVI",
      "MAP_CUT_VARIANT":"MEA_ST2.1_N_MID",
      "TT_REGION":"MEA",
      "SEQ_NR":"1",
      "RECOMMENDED_RANK":1,
      "targets":[
         "MIVI"
      ],
      "map cut variants":[
         "MEA_ST2.1_N_MID"
      ],
      "DATASET_NAME":"AIVI21_TTP5_TTC2_2022.12_2.4.3_MEA_2.0.0",
      "RELEASE_CYCLE":"2022.12",
      "TT Identifier":"CP-TT-TTC2.TTP5.T-MAP.MEA.NDS-14.1.0",
      "Compatibility Number":[
         "1"
      ],
      "TNS_NAVIGATIONSOFTWARECOMPATIBILITYLIST":"CI-BOSCH-ALLIANCE.AIVI.P-NAVSW-1.0.0",
      "RELEASE_STATUS_ID":4,
      "Release Status":"6 released",
      "recommended":"recommended",
      "F_DATASET_MITSUBISHI_RELEASE_STATUS":-99,
      "F_DATASET_MITSUBISHI_RELEASE_STATUS_DESC":"N.A.",
      "F_DATASET_NISSAN_RELEASE_STATUS":-99,
      "F_DATASET_NISSAN_RELEASE_STATUS_DESC":"N.A.",
      "F_DATASET_RENAULT_RELEASE_STATUS":-99,
      "F_DATASET_RENAULT_RELEASE_STATUS_DESC":"N.A.",
      "TT_MAP_SYSTEM_JQTA_STATUS_ID":3,
      "TT_MAP_SYSTEM_JQTA_STATUS_DESC":"Done",
      "TT_MAP_SYSTEM_JQTA_JIRA_TICKET":"AIVIOEM-5917",
      "TT_MAP_SYSTEM_JQTA_RESOLUTION_ID":5,
      "TT_MAP_SYSTEM_JQTA_RESOLUTION":"Released",
      "RELEASE_STATUS_STORED":"4 released for development only",
      "OLD_RECOMMENDED":"NA",
      "UPDATE_TIME":"2023-05-03T00:00:00",
      "data supplier release date":"03.05.2023",
      "customers":"RNAIVI",
      "comments":"\"2022.12 : Latest MEA data will be moved to 6.releases based on project request\"",
      "artifactory repo":"nav-data-repos",
      "region":"MEA",
      "registry_variant":"eur",
      "ESNCCB release":"NDSVALIDATION-2662",
      "Release Process Cover Task":"NDSVALIDATION-2657",
      "speech config":[
         "ASR"
      ],
      "test attributes":"DEFAULT",
      "path":"DATA-STORE/Nissan/ROW/AIVI21_TTP5_TTC2_2022.12_2.4.3_MEA_2.0.0/DATA",
      "MAP_CUT_VARIANT_NUMBERED":407,
      "MD5_BASE64":"ef362f4e2dad43001be45eacd550097f",
      "BRAND":"Mitsubishi",
      "NISSAN_FULLUPDATE_VERSION_STRING":"17282_0_17",
      "RENAULT_FULLUPDATE_VERSION_STRING":"2023.V2",
      "OEM Part Number Entry":"259281129R",
      "OEM Part Number Mid":"259287665R",
      "DATASET_VERSION":"AIVI21",
      "QUERY_TIME":"2024.01.10 15:08:42",
      "FILTERED_RANK":1,
      "VERSION_TOOLING_INFO":"7.0.0",
      "TIME_VERSIONED_FILE_NAME":"WHITE_LIST_FILTER__37_293_321_323_326_346_353_359__data_sets_20240110_150842.json"
   },
   {
      "DATASET_ID":323,
      "DEVICE_TYPE":"NIVIE",
      "MAP_CUT_VARIANT":"AFR_ST2.1_N_ENTRY",
      "TT_REGION":"AFR",
      "SEQ_NR":"1",
      "RECOMMENDED_RANK":2,
      "targets":[
         "NIVIE"
      ],
      "map cut variants":[
         "AFR_ST2.1_N_ENTRY"
      ],
      "DATASET_NAME":"AIVI21_TTP5_TTC2_2022.09_2.4.3_AFR_1.0.0",
      "RELEASE_CYCLE":"2022.09",
      "TT Identifier":"CP-TT-TTC2.TTP5.T-MAP.AFR.NDS-11.0.0",
      "Compatibility Number":[
         "1"
      ],
      "TNS_NAVIGATIONSOFTWARECOMPATIBILITYLIST":"CI-BOSCH-ALLIANCE.AIVI.P-NAVSW-1.0.0",
      "RELEASE_STATUS_ID":4,
      "Release Status":"6 released",
      "recommended":"recommended",
      "F_DATASET_MITSUBISHI_RELEASE_STATUS":-99,
      "F_DATASET_MITSUBISHI_RELEASE_STATUS_DESC":"N.A.",
      "F_DATASET_NISSAN_RELEASE_STATUS":-99,
      "F_DATASET_NISSAN_RELEASE_STATUS_DESC":"N.A.",
      "F_DATASET_RENAULT_RELEASE_STATUS":-99,
      "F_DATASET_RENAULT_RELEASE_STATUS_DESC":"N.A.",
      "TT_MAP_SYSTEM_JQTA_STATUS_ID":3,
      "TT_MAP_SYSTEM_JQTA_STATUS_DESC":"Done",
      "TT_MAP_SYSTEM_JQTA_JIRA_TICKET":"AIVIOEM-5811",
      "TT_MAP_SYSTEM_JQTA_RESOLUTION_ID":5,
      "TT_MAP_SYSTEM_JQTA_RESOLUTION":"Released",
      "RELEASE_STATUS_STORED":"4 released for development only",
      "OLD_RECOMMENDED":"NA",
      "UPDATE_TIME":"2023-01-31T00:00:00",
      "data supplier release date":"31.01.2023",
      "customers":"RNAIVI",
      "comments":"\"2022.09 : Latest AFR data will be moved to 6.releases based on project request\"",
      "artifactory repo":"nav-data-repos",
      "region":"AFR",
      "registry_variant":"eur",
      "ESNCCB release":"NDSVALIDATION-2330",
      "Release Process Cover Task":"NDSVALIDATION-2325",
      "speech config":[
         "ASR"
      ],
      "test attributes":"DEFAULT",
      "path":"DATA-STORE/Nissan/ROW/AIVI21_TTP5_TTC2_2022.09_2.4.3_AFR_1.0.0/DATA",
      "MAP_CUT_VARIANT_NUMBERED":309,
      "MD5_BASE64":"2e4b60d8749fc2aa3ef115cb5ebde2bf",
      "BRAND":"Nissan",
      "NISSAN_FULLUPDATE_VERSION_STRING":"17317_0_10",
      "RENAULT_FULLUPDATE_VERSION_STRING":"2023.V1",
      "OEM Part Number Entry":"259284675R",
      "OEM Part Number Mid":"259289535R",
      "DATASET_VERSION":"AIVI21",
      "QUERY_TIME":"2024.01.10 15:08:42",
      "FILTERED_RANK":1,
      "VERSION_TOOLING_INFO":"7.0.0",
      "TIME_VERSIONED_FILE_NAME":"WHITE_LIST_FILTER__37_293_321_323_326_346_353_359__data_sets_20240110_150842.json"
   },
   {
      "DATASET_ID":321,
      "DEVICE_TYPE":"NIVIE",
      "MAP_CUT_VARIANT":"APAC_ST2.1_N_ENTRY",
      "TT_REGION":"APAC",
      "SEQ_NR":"1",
      "RECOMMENDED_RANK":2,
      "targets":[
         "NIVIE"
      ],
      "map cut variants":[
         "APAC_ST2.1_N_ENTRY"
      ],
      "DATASET_NAME":"AIVI21_TTP5_TTC2_2022.09_2.4.3_APAC_1.0.0",
      "RELEASE_CYCLE":"2022.09",
      "TT Identifier":"CP-TT-TTC2.TTP5.T-MAP.APAC.NDS-11.0.0",
      "Compatibility Number":[
         "1"
      ],
      "TNS_NAVIGATIONSOFTWARECOMPATIBILITYLIST":"CI-BOSCH-ALLIANCE.AIVI.P-NAVSW-1.0.0",
      "RELEASE_STATUS_ID":4,
      "Release Status":"6 released",
      "recommended":"recommended",
      "F_DATASET_MITSUBISHI_RELEASE_STATUS":-99,
      "F_DATASET_MITSUBISHI_RELEASE_STATUS_DESC":"N.A.",
      "F_DATASET_NISSAN_RELEASE_STATUS":-99,
      "F_DATASET_NISSAN_RELEASE_STATUS_DESC":"N.A.",
      "F_DATASET_RENAULT_RELEASE_STATUS":-99,
      "F_DATASET_RENAULT_RELEASE_STATUS_DESC":"N.A.",
      "TT_MAP_SYSTEM_JQTA_STATUS_ID":3,
      "TT_MAP_SYSTEM_JQTA_STATUS_DESC":"Done",
      "TT_MAP_SYSTEM_JQTA_JIRA_TICKET":"AIVIOEM-5806",
      "TT_MAP_SYSTEM_JQTA_RESOLUTION_ID":5,
      "TT_MAP_SYSTEM_JQTA_RESOLUTION":"Released",
      "RELEASE_STATUS_STORED":"4 released for development only",
      "OLD_RECOMMENDED":"NA",
      "UPDATE_TIME":"2023-01-31T00:00:00",
      "data supplier release date":"31.01.2023",
      "customers":"RNAIVI",
      "comments":"\"2022.09 : Latest APAC data will be moved to 6.releases based on project request\"",
      "artifactory repo":"nav-data-repos",
      "region":"APAC",
      "registry_variant":"eur",
      "ESNCCB release":"NDSVALIDATION-2300",
      "Release Process Cover Task":"NDSVALIDATION-2295",
      "speech config":[
         "ASR"
      ],
      "test attributes":"DEFAULT",
      "path":"DATA-STORE/Nissan/ROW/AIVI21_TTP5_TTC2_2022.09_2.4.3_APAC_1.0.0/DATA",
      "MAP_CUT_VARIANT_NUMBERED":321,
      "MD5_BASE64":"76bcde270df9af01b737aa8d526f5ad2",
      "BRAND":"Nissan",
      "NISSAN_FULLUPDATE_VERSION_STRING":"17327_14_14",
      "RENAULT_FULLUPDATE_VERSION_STRING":"2023.V1",
      "OEM Part Number Entry":"259284511R",
      "OEM Part Number Mid":"259289143R",
      "DATASET_VERSION":"AIVI21",
      "QUERY_TIME":"2024.01.10 15:08:42",
      "FILTERED_RANK":1,
      "VERSION_TOOLING_INFO":"7.0.0",
      "TIME_VERSIONED_FILE_NAME":"WHITE_LIST_FILTER__37_293_321_323_326_346_353_359__data_sets_20240110_150842.json"
   },
   {
      "DATASET_ID":353,
      "DEVICE_TYPE":"NIVIE",
      "MAP_CUT_VARIANT":"ISR_ST2.1_N_ENTRY",
      "TT_REGION":"ISR",
      "SEQ_NR":"1",
      "RECOMMENDED_RANK":2,
      "targets":[
         "NIVIE"
      ],
      "map cut variants":[
         "ISR_ST2.1_N_ENTRY"
      ],
      "DATASET_NAME":"AIVI21_TTP5_TTC2_2022.12_2.4.3_ISR_1.0.0",
      "RELEASE_CYCLE":"2022.12",
      "TT Identifier":"CP-TT-TTC2.TTP5.T-MAP.ISR.NDS-12.0.0",
      "Compatibility Number":[
         "1"
      ],
      "TNS_NAVIGATIONSOFTWARECOMPATIBILITYLIST":"CI-BOSCH-ALLIANCE.AIVI.P-NAVSW-1.0.0",
      "RELEASE_STATUS_ID":4,
      "Release Status":"6 released",
      "recommended":"recommended",
      "F_DATASET_MITSUBISHI_RELEASE_STATUS":-99,
      "F_DATASET_MITSUBISHI_RELEASE_STATUS_DESC":"N.A.",
      "F_DATASET_NISSAN_RELEASE_STATUS":-99,
      "F_DATASET_NISSAN_RELEASE_STATUS_DESC":"N.A.",
      "F_DATASET_RENAULT_RELEASE_STATUS":-99,
      "F_DATASET_RENAULT_RELEASE_STATUS_DESC":"N.A.",
      "TT_MAP_SYSTEM_JQTA_STATUS_ID":3,
      "TT_MAP_SYSTEM_JQTA_STATUS_DESC":"Done",
      "TT_MAP_SYSTEM_JQTA_JIRA_TICKET":"AIVIOEM-5903",
      "TT_MAP_SYSTEM_JQTA_RESOLUTION_ID":5,
      "TT_MAP_SYSTEM_JQTA_RESOLUTION":"Released",
      "RELEASE_STATUS_STORED":"4 released for development only",
      "OLD_RECOMMENDED":"NA",
      "UPDATE_TIME":"2023-05-22T00:00:00",
      "data supplier release date":"22.05.2023",
      "customers":"RNAIVI",
      "comments":"\"2022.12 : Latest ISR data will be moved to 6.releases based on project request\"",
      "artifactory repo":"nav-data-repos",
      "region":"ISR",
      "registry_variant":"eur",
      "ESNCCB release":"NDSVALIDATION-2576",
      "Release Process Cover Task":"NDSVALIDATION-2571",
      "speech config":[
         "ASR"
      ],
      "test attributes":"DEFAULT",
      "path":"DATA-STORE/Nissan/ROW/AIVI21_TTP5_TTC2_2022.12_2.4.3_ISR_1.0.0/DATA",
      "MAP_CUT_VARIANT_NUMBERED":322,
      "MD5_BASE64":"b30f22c9d4a0e8b977c7dd743c115a3b",
      "BRAND":"Nissan",
      "NISSAN_FULLUPDATE_VERSION_STRING":"17318_11_11",
      "RENAULT_FULLUPDATE_VERSION_STRING":"2023.V2",
      "OEM Part Number Entry":"259283922R",
      "OEM Part Number Mid":"259287851R",
      "DATASET_VERSION":"AIVI21",
      "QUERY_TIME":"2024.01.10 15:08:42",
      "FILTERED_RANK":1,
      "VERSION_TOOLING_INFO":"7.0.0",
      "TIME_VERSIONED_FILE_NAME":"WHITE_LIST_FILTER__37_293_321_323_326_346_353_359__data_sets_20240110_150842.json"
   },
   {
      "DATASET_ID":326,
      "DEVICE_TYPE":"NIVIE",
      "MAP_CUT_VARIANT":"MAR_ST2.1_N_ENTRY",
      "TT_REGION":"MAR",
      "SEQ_NR":"1",
      "RECOMMENDED_RANK":2,
      "targets":[
         "NIVIE"
      ],
      "map cut variants":[
         "MAR_ST2.1_N_ENTRY"
      ],
      "DATASET_NAME":"AIVI21_TTP5_TTC2_2022.09_2.4.3_MAR_1.0.0",
      "RELEASE_CYCLE":"2022.09",
      "TT Identifier":"CP-TT-TTC2.TTP5.T-MAP.MAR.NDS-11.0.0",
      "Compatibility Number":[
         "1"
      ],
      "TNS_NAVIGATIONSOFTWARECOMPATIBILITYLIST":"CI-BOSCH-ALLIANCE.AIVI.P-NAVSW-1.0.0",
      "RELEASE_STATUS_ID":4,
      "Release Status":"6 released",
      "recommended":"recommended",
      "F_DATASET_MITSUBISHI_RELEASE_STATUS":-99,
      "F_DATASET_MITSUBISHI_RELEASE_STATUS_DESC":"N.A.",
      "F_DATASET_NISSAN_RELEASE_STATUS":-99,
      "F_DATASET_NISSAN_RELEASE_STATUS_DESC":"N.A.",
      "F_DATASET_RENAULT_RELEASE_STATUS":-99,
      "F_DATASET_RENAULT_RELEASE_STATUS_DESC":"N.A.",
      "TT_MAP_SYSTEM_JQTA_STATUS_ID":3,
      "TT_MAP_SYSTEM_JQTA_STATUS_DESC":"Done",
      "TT_MAP_SYSTEM_JQTA_JIRA_TICKET":"AIVIOEM-5816",
      "TT_MAP_SYSTEM_JQTA_RESOLUTION_ID":5,
      "TT_MAP_SYSTEM_JQTA_RESOLUTION":"Released",
      "RELEASE_STATUS_STORED":"4 released for development only",
      "OLD_RECOMMENDED":"NA",
      "UPDATE_TIME":"2023-01-31T00:00:00",
      "data supplier release date":"31.01.2023",
      "customers":"RNAIVI",
      "comments":"\"2022.09 : Latest MAR  data will be moved to 6.releases based on project request\"",
      "artifactory repo":"nav-data-repos",
      "region":"MAR",
      "registry_variant":"eur",
      "ESNCCB release":"NDSVALIDATION-2365",
      "Release Process Cover Task":"NDSVALIDATION-2360",
      "speech config":[
         "ASR"
      ],
      "test attributes":"DEFAULT",
      "path":"DATA-STORE/Nissan/ROW/AIVI21_TTP5_TTC2_2022.09_2.4.3_MAR_1.0.0/DATA",
      "MAP_CUT_VARIANT_NUMBERED":308,
      "MD5_BASE64":"ed03dda175e46f7e9f4612b1b23008de",
      "BRAND":"Nissan",
      "NISSAN_FULLUPDATE_VERSION_STRING":"17332_9_9",
      "RENAULT_FULLUPDATE_VERSION_STRING":"2023.V1",
      "OEM Part Number Entry":"259282329R",
      "OEM Part Number Mid":"259287712R",
      "DATASET_VERSION":"AIVI21",
      "QUERY_TIME":"2024.01.10 15:08:42",
      "FILTERED_RANK":1,
      "VERSION_TOOLING_INFO":"7.0.0",
      "TIME_VERSIONED_FILE_NAME":"WHITE_LIST_FILTER__37_293_321_323_326_346_353_359__data_sets_20240110_150842.json"
   },
   {
      "DATASET_ID":359,
      "DEVICE_TYPE":"NIVIE",
      "MAP_CUT_VARIANT":"MEA_ST2.1_N_ENTRY",
      "TT_REGION":"MEA",
      "SEQ_NR":"1",
      "RECOMMENDED_RANK":1,
      "targets":[
         "NIVIE"
      ],
      "map cut variants":[
         "MEA_ST2.1_N_ENTRY"
      ],
      "DATASET_NAME":"AIVI21_TTP5_TTC2_2022.12_2.4.3_MEA_2.0.0",
      "RELEASE_CYCLE":"2022.12",
      "TT Identifier":"CP-TT-TTC2.TTP5.T-MAP.MEA.NDS-14.1.0",
      "Compatibility Number":[
         "1"
      ],
      "TNS_NAVIGATIONSOFTWARECOMPATIBILITYLIST":"CI-BOSCH-ALLIANCE.AIVI.P-NAVSW-1.0.0",
      "RELEASE_STATUS_ID":4,
      "Release Status":"6 released",
      "recommended":"recommended",
      "F_DATASET_MITSUBISHI_RELEASE_STATUS":-99,
      "F_DATASET_MITSUBISHI_RELEASE_STATUS_DESC":"N.A.",
      "F_DATASET_NISSAN_RELEASE_STATUS":-99,
      "F_DATASET_NISSAN_RELEASE_STATUS_DESC":"N.A.",
      "F_DATASET_RENAULT_RELEASE_STATUS":-99,
      "F_DATASET_RENAULT_RELEASE_STATUS_DESC":"N.A.",
      "TT_MAP_SYSTEM_JQTA_STATUS_ID":3,
      "TT_MAP_SYSTEM_JQTA_STATUS_DESC":"Done",
      "TT_MAP_SYSTEM_JQTA_JIRA_TICKET":"AIVIOEM-5917",
      "TT_MAP_SYSTEM_JQTA_RESOLUTION_ID":5,
      "TT_MAP_SYSTEM_JQTA_RESOLUTION":"Released",
      "RELEASE_STATUS_STORED":"4 released for development only",
      "OLD_RECOMMENDED":"NA",
      "UPDATE_TIME":"2023-05-03T00:00:00",
      "data supplier release date":"03.05.2023",
      "customers":"RNAIVI",
      "comments":"\"2022.12 : Latest MEA data will be moved to 6.releases based on project request\"",
      "artifactory repo":"nav-data-repos",
      "region":"MEA",
      "registry_variant":"eur",
      "ESNCCB release":"NDSVALIDATION-2662",
      "Release Process Cover Task":"NDSVALIDATION-2657",
      "speech config":[
         "ASR"
      ],
      "test attributes":"DEFAULT",
      "path":"DATA-STORE/Nissan/ROW/AIVI21_TTP5_TTC2_2022.12_2.4.3_MEA_2.0.0/DATA",
      "MAP_CUT_VARIANT_NUMBERED":307,
      "MD5_BASE64":"ef362f4e2dad43001be45eacd550097f",
      "BRAND":"Nissan",
      "NISSAN_FULLUPDATE_VERSION_STRING":"17282_0_17",
      "RENAULT_FULLUPDATE_VERSION_STRING":"2023.V2",
      "OEM Part Number Entry":"259281129R",
      "OEM Part Number Mid":"259287665R",
      "DATASET_VERSION":"AIVI21",
      "QUERY_TIME":"2024.01.10 15:08:42",
      "FILTERED_RANK":1,
      "VERSION_TOOLING_INFO":"7.0.0",
      "TIME_VERSIONED_FILE_NAME":"WHITE_LIST_FILTER__37_293_321_323_326_346_353_359__data_sets_20240110_150842.json"
   },
   {
      "DATASET_ID":37,
      "DEVICE_TYPE":"NIVIE",
      "MAP_CUT_VARIANT":"SAM-ARG_ST2.1_N_ENTRY",
      "TT_REGION":"SAM-ARG",
      "SEQ_NR":"2",
      "RECOMMENDED_RANK":7,
      "targets":[
         "NIVIE"
      ],
      "map cut variants":[
         "SAM-ARG_ST2.1_N_ENTRY"
      ],
      "DATASET_NAME":"AIVI21_TTP5_TTC2_2019.04_2.4.3_SAM-ARG_1.0.0",
      "RELEASE_CYCLE":"2019.04",
      "TT Identifier":"CP-TT-TTC2.TTP5.T-MAP.SAM-ARG.NDS-5.0.0",
      "Compatibility Number":[
         "1"
      ],
      "TNS_NAVIGATIONSOFTWARECOMPATIBILITYLIST":"CI-BOSCH-ALLIANCE.AIVI.P-NAVSW-1.0.0",
      "RELEASE_STATUS_ID":4,
      "Release Status":"6 released",
      "recommended":"recommended",
      "F_DATASET_MITSUBISHI_RELEASE_STATUS":-99,
      "F_DATASET_MITSUBISHI_RELEASE_STATUS_DESC":"N.A.",
      "F_DATASET_NISSAN_RELEASE_STATUS":2,
      "F_DATASET_NISSAN_RELEASE_STATUS_DESC":"Release For Production",
      "F_DATASET_RENAULT_RELEASE_STATUS":2,
      "F_DATASET_RENAULT_RELEASE_STATUS_DESC":"Release For Production",
      "TT_MAP_SYSTEM_JQTA_STATUS_ID":-99,
      "TT_MAP_SYSTEM_JQTA_STATUS_DESC":"N.A.",
      "TT_MAP_SYSTEM_JQTA_JIRA_TICKET":"N.A.",
      "TT_MAP_SYSTEM_JQTA_RESOLUTION_ID":null,
      "TT_MAP_SYSTEM_JQTA_RESOLUTION":"N.A.",
      "RELEASE_STATUS_STORED":"4 released for development only",
      "OLD_RECOMMENDED":"NA",
      "UPDATE_TIME":"2022-04-27T12:38:29",
      "data supplier release date":"27.04.2022",
      "customers":"RNAIVI",
      "comments":"\"maintenance_normalize_release_status\"",
      "artifactory repo":"nav-data-repos",
      "region":"SAM-ARG",
      "registry_variant":"eur",
      "ESNCCB release":"RTC-647883",
      "Release Process Cover Task":"RTC-647882",
      "speech config":[
         "ASR"
      ],
      "test attributes":"DEFAULT",
      "path":"DATA-STORE/Nissan/ROW/AIVI21_TTP5_TTC2_2019.04_2.4.3_SAM-ARG_1.0.0/DATA",
      "MAP_CUT_VARIANT_NUMBERED":305,
      "MD5_BASE64":"da2331d5e1cda4a286695da40488ca2e",
      "BRAND":"Nissan",
      "NISSAN_FULLUPDATE_VERSION_STRING":"18007_3_3",
      "RENAULT_FULLUPDATE_VERSION_STRING":"2019.V2",
      "OEM Part Number Entry":"259287454R",
      "OEM Part Number Mid":"259288618R",
      "DATASET_VERSION":"AIVI21",
      "QUERY_TIME":"2024.01.10 15:08:42",
      "FILTERED_RANK":1,
      "VERSION_TOOLING_INFO":"7.0.0",
      "TIME_VERSIONED_FILE_NAME":"WHITE_LIST_FILTER__37_293_321_323_326_346_353_359__data_sets_20240110_150842.json"
   },
   {
      "DATASET_ID":346,
      "DEVICE_TYPE":"NIVIE",
      "MAP_CUT_VARIANT":"TUR_ST2.1_N_ENTRY",
      "TT_REGION":"TUR",
      "SEQ_NR":"1",
      "RECOMMENDED_RANK":2,
      "targets":[
         "NIVIE"
      ],
      "map cut variants":[
         "TUR_ST2.1_N_ENTRY"
      ],
      "DATASET_NAME":"AIVI21_TTP5_TTC2_2022.12_2.4.3_TUR_1.0.0",
      "RELEASE_CYCLE":"2022.12",
      "TT Identifier":"CP-TT-TTC2.TTP5.T-MAP.TUR.NDS-12.0.0",
      "Compatibility Number":[
         "1"
      ],
      "TNS_NAVIGATIONSOFTWARECOMPATIBILITYLIST":"CI-BOSCH-ALLIANCE.AIVI.P-NAVSW-1.0.0",
      "RELEASE_STATUS_ID":4,
      "Release Status":"6 released",
      "recommended":"recommended",
      "F_DATASET_MITSUBISHI_RELEASE_STATUS":-99,
      "F_DATASET_MITSUBISHI_RELEASE_STATUS_DESC":"N.A.",
      "F_DATASET_NISSAN_RELEASE_STATUS":-99,
      "F_DATASET_NISSAN_RELEASE_STATUS_DESC":"N.A.",
      "F_DATASET_RENAULT_RELEASE_STATUS":-99,
      "F_DATASET_RENAULT_RELEASE_STATUS_DESC":"N.A.",
      "TT_MAP_SYSTEM_JQTA_STATUS_ID":3,
      "TT_MAP_SYSTEM_JQTA_STATUS_DESC":"Done",
      "TT_MAP_SYSTEM_JQTA_JIRA_TICKET":"AIVIOEM-5900",
      "TT_MAP_SYSTEM_JQTA_RESOLUTION_ID":5,
      "TT_MAP_SYSTEM_JQTA_RESOLUTION":"Released",
      "RELEASE_STATUS_STORED":"4 released for development only",
      "OLD_RECOMMENDED":"NA",
      "UPDATE_TIME":"2023-05-22T00:00:00",
      "data supplier release date":"22.05.2023",
      "customers":"RNAIVI",
      "comments":"\"2022.12 : Latest TUR data will be moved to 6.releases based on project request\"",
      "artifactory repo":"nav-data-repos",
      "region":"TUR-EUR",
      "registry_variant":"eur",
      "ESNCCB release":"NDSVALIDATION-2550",
      "Release Process Cover Task":"NDSVALIDATION-2545",
      "speech config":[
         "ASR"
      ],
      "test attributes":"DEFAULT",
      "path":"DATA-STORE/Nissan/EUR/AIVI21_TTP5_TTC2_2022.12_2.4.3_TUR_1.0.0/DATA",
      "MAP_CUT_VARIANT_NUMBERED":315,
      "MD5_BASE64":"339ff7dc4824e6eea690254cacac34d9",
      "BRAND":"Nissan",
      "NISSAN_FULLUPDATE_VERSION_STRING":"17651_0_10",
      "RENAULT_FULLUPDATE_VERSION_STRING":"2023.V2",
      "OEM Part Number Entry":"259280591R",
      "OEM Part Number Mid":"259287448R",
      "DATASET_VERSION":"AIVI21",
      "QUERY_TIME":"2024.01.10 15:08:42",
      "FILTERED_RANK":1,
      "VERSION_TOOLING_INFO":"7.0.0",
      "TIME_VERSIONED_FILE_NAME":"WHITE_LIST_FILTER__37_293_321_323_326_346_353_359__data_sets_20240110_150842.json"
   },
   {
      "DATASET_ID":323,
      "DEVICE_TYPE":"NIVIM",
      "MAP_CUT_VARIANT":"AFR_ST2.1_N_MID",
      "TT_REGION":"AFR",
      "SEQ_NR":"1",
      "RECOMMENDED_RANK":2,
      "targets":[
         "NIVIM"
      ],
      "map cut variants":[
         "AFR_ST2.1_N_MID"
      ],
      "DATASET_NAME":"AIVI21_TTP5_TTC2_2022.09_2.4.3_AFR_1.0.0",
      "RELEASE_CYCLE":"2022.09",
      "TT Identifier":"CP-TT-TTC2.TTP5.T-MAP.AFR.NDS-11.0.0",
      "Compatibility Number":[
         "1"
      ],
      "TNS_NAVIGATIONSOFTWARECOMPATIBILITYLIST":"CI-BOSCH-ALLIANCE.AIVI.P-NAVSW-1.0.0",
      "RELEASE_STATUS_ID":4,
      "Release Status":"6 released",
      "recommended":"recommended",
      "F_DATASET_MITSUBISHI_RELEASE_STATUS":-99,
      "F_DATASET_MITSUBISHI_RELEASE_STATUS_DESC":"N.A.",
      "F_DATASET_NISSAN_RELEASE_STATUS":-99,
      "F_DATASET_NISSAN_RELEASE_STATUS_DESC":"N.A.",
      "F_DATASET_RENAULT_RELEASE_STATUS":-99,
      "F_DATASET_RENAULT_RELEASE_STATUS_DESC":"N.A.",
      "TT_MAP_SYSTEM_JQTA_STATUS_ID":3,
      "TT_MAP_SYSTEM_JQTA_STATUS_DESC":"Done",
      "TT_MAP_SYSTEM_JQTA_JIRA_TICKET":"AIVIOEM-5811",
      "TT_MAP_SYSTEM_JQTA_RESOLUTION_ID":5,
      "TT_MAP_SYSTEM_JQTA_RESOLUTION":"Released",
      "RELEASE_STATUS_STORED":"4 released for development only",
      "OLD_RECOMMENDED":"NA",
      "UPDATE_TIME":"2023-01-31T00:00:00",
      "data supplier release date":"31.01.2023",
      "customers":"RNAIVI",
      "comments":"\"2022.09 : Latest AFR data will be moved to 6.releases based on project request\"",
      "artifactory repo":"nav-data-repos",
      "region":"AFR",
      "registry_variant":"eur",
      "ESNCCB release":"NDSVALIDATION-2330",
      "Release Process Cover Task":"NDSVALIDATION-2325",
      "speech config":[
         "ASR"
      ],
      "test attributes":"DEFAULT",
      "path":"DATA-STORE/Nissan/ROW/AIVI21_TTP5_TTC2_2022.09_2.4.3_AFR_1.0.0/DATA",
      "MAP_CUT_VARIANT_NUMBERED":409,
      "MD5_BASE64":"2e4b60d8749fc2aa3ef115cb5ebde2bf",
      "BRAND":"Nissan",
      "NISSAN_FULLUPDATE_VERSION_STRING":"17317_0_10",
      "RENAULT_FULLUPDATE_VERSION_STRING":"2023.V1",
      "OEM Part Number Entry":"259284675R",
      "OEM Part Number Mid":"259289535R",
      "DATASET_VERSION":"AIVI21",
      "QUERY_TIME":"2024.01.10 15:08:42",
      "FILTERED_RANK":1,
      "VERSION_TOOLING_INFO":"7.0.0",
      "TIME_VERSIONED_FILE_NAME":"WHITE_LIST_FILTER__37_293_321_323_326_346_353_359__data_sets_20240110_150842.json"
   },
   {
      "DATASET_ID":321,
      "DEVICE_TYPE":"NIVIM",
      "MAP_CUT_VARIANT":"APAC_ST2.1_N_MID",
      "TT_REGION":"APAC",
      "SEQ_NR":"1",
      "RECOMMENDED_RANK":2,
      "targets":[
         "NIVIM"
      ],
      "map cut variants":[
         "APAC_ST2.1_N_MID"
      ],
      "DATASET_NAME":"AIVI21_TTP5_TTC2_2022.09_2.4.3_APAC_1.0.0",
      "RELEASE_CYCLE":"2022.09",
      "TT Identifier":"CP-TT-TTC2.TTP5.T-MAP.APAC.NDS-11.0.0",
      "Compatibility Number":[
         "1"
      ],
      "TNS_NAVIGATIONSOFTWARECOMPATIBILITYLIST":"CI-BOSCH-ALLIANCE.AIVI.P-NAVSW-1.0.0",
      "RELEASE_STATUS_ID":4,
      "Release Status":"6 released",
      "recommended":"recommended",
      "F_DATASET_MITSUBISHI_RELEASE_STATUS":-99,
      "F_DATASET_MITSUBISHI_RELEASE_STATUS_DESC":"N.A.",
      "F_DATASET_NISSAN_RELEASE_STATUS":-99,
      "F_DATASET_NISSAN_RELEASE_STATUS_DESC":"N.A.",
      "F_DATASET_RENAULT_RELEASE_STATUS":-99,
      "F_DATASET_RENAULT_RELEASE_STATUS_DESC":"N.A.",
      "TT_MAP_SYSTEM_JQTA_STATUS_ID":3,
      "TT_MAP_SYSTEM_JQTA_STATUS_DESC":"Done",
      "TT_MAP_SYSTEM_JQTA_JIRA_TICKET":"AIVIOEM-5806",
      "TT_MAP_SYSTEM_JQTA_RESOLUTION_ID":5,
      "TT_MAP_SYSTEM_JQTA_RESOLUTION":"Released",
      "RELEASE_STATUS_STORED":"4 released for development only",
      "OLD_RECOMMENDED":"NA",
      "UPDATE_TIME":"2023-01-31T00:00:00",
      "data supplier release date":"31.01.2023",
      "customers":"RNAIVI",
      "comments":"\"2022.09 : Latest APAC data will be moved to 6.releases based on project request\"",
      "artifactory repo":"nav-data-repos",
      "region":"APAC",
      "registry_variant":"eur",
      "ESNCCB release":"NDSVALIDATION-2300",
      "Release Process Cover Task":"NDSVALIDATION-2295",
      "speech config":[
         "ASR"
      ],
      "test attributes":"DEFAULT",
      "path":"DATA-STORE/Nissan/ROW/AIVI21_TTP5_TTC2_2022.09_2.4.3_APAC_1.0.0/DATA",
      "MAP_CUT_VARIANT_NUMBERED":421,
      "MD5_BASE64":"76bcde270df9af01b737aa8d526f5ad2",
      "BRAND":"Nissan",
      "NISSAN_FULLUPDATE_VERSION_STRING":"17327_14_14",
      "RENAULT_FULLUPDATE_VERSION_STRING":"2023.V1",
      "OEM Part Number Entry":"259284511R",
      "OEM Part Number Mid":"259289143R",
      "DATASET_VERSION":"AIVI21",
      "QUERY_TIME":"2024.01.10 15:08:42",
      "FILTERED_RANK":1,
      "VERSION_TOOLING_INFO":"7.0.0",
      "TIME_VERSIONED_FILE_NAME":"WHITE_LIST_FILTER__37_293_321_323_326_346_353_359__data_sets_20240110_150842.json"
   },
   {
      "DATASET_ID":353,
      "DEVICE_TYPE":"NIVIM",
      "MAP_CUT_VARIANT":"ISR_ST2.1_N_MID",
      "TT_REGION":"ISR",
      "SEQ_NR":"1",
      "RECOMMENDED_RANK":2,
      "targets":[
         "NIVIM"
      ],
      "map cut variants":[
         "ISR_ST2.1_N_MID"
      ],
      "DATASET_NAME":"AIVI21_TTP5_TTC2_2022.12_2.4.3_ISR_1.0.0",
      "RELEASE_CYCLE":"2022.12",
      "TT Identifier":"CP-TT-TTC2.TTP5.T-MAP.ISR.NDS-12.0.0",
      "Compatibility Number":[
         "1"
      ],
      "TNS_NAVIGATIONSOFTWARECOMPATIBILITYLIST":"CI-BOSCH-ALLIANCE.AIVI.P-NAVSW-1.0.0",
      "RELEASE_STATUS_ID":4,
      "Release Status":"6 released",
      "recommended":"recommended",
      "F_DATASET_MITSUBISHI_RELEASE_STATUS":-99,
      "F_DATASET_MITSUBISHI_RELEASE_STATUS_DESC":"N.A.",
      "F_DATASET_NISSAN_RELEASE_STATUS":-99,
      "F_DATASET_NISSAN_RELEASE_STATUS_DESC":"N.A.",
      "F_DATASET_RENAULT_RELEASE_STATUS":-99,
      "F_DATASET_RENAULT_RELEASE_STATUS_DESC":"N.A.",
      "TT_MAP_SYSTEM_JQTA_STATUS_ID":3,
      "TT_MAP_SYSTEM_JQTA_STATUS_DESC":"Done",
      "TT_MAP_SYSTEM_JQTA_JIRA_TICKET":"AIVIOEM-5903",
      "TT_MAP_SYSTEM_JQTA_RESOLUTION_ID":5,
      "TT_MAP_SYSTEM_JQTA_RESOLUTION":"Released",
      "RELEASE_STATUS_STORED":"4 released for development only",
      "OLD_RECOMMENDED":"NA",
      "UPDATE_TIME":"2023-05-22T00:00:00",
      "data supplier release date":"22.05.2023",
      "customers":"RNAIVI",
      "comments":"\"2022.12 : Latest ISR data will be moved to 6.releases based on project request\"",
      "artifactory repo":"nav-data-repos",
      "region":"ISR",
      "registry_variant":"eur",
      "ESNCCB release":"NDSVALIDATION-2576",
      "Release Process Cover Task":"NDSVALIDATION-2571",
      "speech config":[
         "ASR"
      ],
      "test attributes":"DEFAULT",
      "path":"DATA-STORE/Nissan/ROW/AIVI21_TTP5_TTC2_2022.12_2.4.3_ISR_1.0.0/DATA",
      "MAP_CUT_VARIANT_NUMBERED":422,
      "MD5_BASE64":"b30f22c9d4a0e8b977c7dd743c115a3b",
      "BRAND":"Nissan",
      "NISSAN_FULLUPDATE_VERSION_STRING":"17318_11_11",
      "RENAULT_FULLUPDATE_VERSION_STRING":"2023.V2",
      "OEM Part Number Entry":"259283922R",
      "OEM Part Number Mid":"259287851R",
      "DATASET_VERSION":"AIVI21",
      "QUERY_TIME":"2024.01.10 15:08:42",
      "FILTERED_RANK":1,
      "VERSION_TOOLING_INFO":"7.0.0",
      "TIME_VERSIONED_FILE_NAME":"WHITE_LIST_FILTER__37_293_321_323_326_346_353_359__data_sets_20240110_150842.json"
   },
   {
      "DATASET_ID":326,
      "DEVICE_TYPE":"NIVIM",
      "MAP_CUT_VARIANT":"MAR_ST2.1_N_MID",
      "TT_REGION":"MAR",
      "SEQ_NR":"1",
      "RECOMMENDED_RANK":2,
      "targets":[
         "NIVIM"
      ],
      "map cut variants":[
         "MAR_ST2.1_N_MID"
      ],
      "DATASET_NAME":"AIVI21_TTP5_TTC2_2022.09_2.4.3_MAR_1.0.0",
      "RELEASE_CYCLE":"2022.09",
      "TT Identifier":"CP-TT-TTC2.TTP5.T-MAP.MAR.NDS-11.0.0",
      "Compatibility Number":[
         "1"
      ],
      "TNS_NAVIGATIONSOFTWARECOMPATIBILITYLIST":"CI-BOSCH-ALLIANCE.AIVI.P-NAVSW-1.0.0",
      "RELEASE_STATUS_ID":4,
      "Release Status":"6 released",
      "recommended":"recommended",
      "F_DATASET_MITSUBISHI_RELEASE_STATUS":-99,
      "F_DATASET_MITSUBISHI_RELEASE_STATUS_DESC":"N.A.",
      "F_DATASET_NISSAN_RELEASE_STATUS":-99,
      "F_DATASET_NISSAN_RELEASE_STATUS_DESC":"N.A.",
      "F_DATASET_RENAULT_RELEASE_STATUS":-99,
      "F_DATASET_RENAULT_RELEASE_STATUS_DESC":"N.A.",
      "TT_MAP_SYSTEM_JQTA_STATUS_ID":3,
      "TT_MAP_SYSTEM_JQTA_STATUS_DESC":"Done",
      "TT_MAP_SYSTEM_JQTA_JIRA_TICKET":"AIVIOEM-5816",
      "TT_MAP_SYSTEM_JQTA_RESOLUTION_ID":5,
      "TT_MAP_SYSTEM_JQTA_RESOLUTION":"Released",
      "RELEASE_STATUS_STORED":"4 released for development only",
      "OLD_RECOMMENDED":"NA",
      "UPDATE_TIME":"2023-01-31T00:00:00",
      "data supplier release date":"31.01.2023",
      "customers":"RNAIVI",
      "comments":"\"2022.09 : Latest MAR  data will be moved to 6.releases based on project request\"",
      "artifactory repo":"nav-data-repos",
      "region":"MAR",
      "registry_variant":"eur",
      "ESNCCB release":"NDSVALIDATION-2365",
      "Release Process Cover Task":"NDSVALIDATION-2360",
      "speech config":[
         "ASR"
      ],
      "test attributes":"DEFAULT",
      "path":"DATA-STORE/Nissan/ROW/AIVI21_TTP5_TTC2_2022.09_2.4.3_MAR_1.0.0/DATA",
      "MAP_CUT_VARIANT_NUMBERED":408,
      "MD5_BASE64":"ed03dda175e46f7e9f4612b1b23008de",
      "BRAND":"Nissan",
      "NISSAN_FULLUPDATE_VERSION_STRING":"17332_9_9",
      "RENAULT_FULLUPDATE_VERSION_STRING":"2023.V1",
      "OEM Part Number Entry":"259282329R",
      "OEM Part Number Mid":"259287712R",
      "DATASET_VERSION":"AIVI21",
      "QUERY_TIME":"2024.01.10 15:08:42",
      "FILTERED_RANK":1,
      "VERSION_TOOLING_INFO":"7.0.0",
      "TIME_VERSIONED_FILE_NAME":"WHITE_LIST_FILTER__37_293_321_323_326_346_353_359__data_sets_20240110_150842.json"
   },
   {
      "DATASET_ID":359,
      "DEVICE_TYPE":"NIVIM",
      "MAP_CUT_VARIANT":"MEA_ST2.1_N_MID",
      "TT_REGION":"MEA",
      "SEQ_NR":"1",
      "RECOMMENDED_RANK":1,
      "targets":[
         "NIVIM"
      ],
      "map cut variants":[
         "MEA_ST2.1_N_MID"
      ],
      "DATASET_NAME":"AIVI21_TTP5_TTC2_2022.12_2.4.3_MEA_2.0.0",
      "RELEASE_CYCLE":"2022.12",
      "TT Identifier":"CP-TT-TTC2.TTP5.T-MAP.MEA.NDS-14.1.0",
      "Compatibility Number":[
         "1"
      ],
      "TNS_NAVIGATIONSOFTWARECOMPATIBILITYLIST":"CI-BOSCH-ALLIANCE.AIVI.P-NAVSW-1.0.0",
      "RELEASE_STATUS_ID":4,
      "Release Status":"6 released",
      "recommended":"recommended",
      "F_DATASET_MITSUBISHI_RELEASE_STATUS":-99,
      "F_DATASET_MITSUBISHI_RELEASE_STATUS_DESC":"N.A.",
      "F_DATASET_NISSAN_RELEASE_STATUS":-99,
      "F_DATASET_NISSAN_RELEASE_STATUS_DESC":"N.A.",
      "F_DATASET_RENAULT_RELEASE_STATUS":-99,
      "F_DATASET_RENAULT_RELEASE_STATUS_DESC":"N.A.",
      "TT_MAP_SYSTEM_JQTA_STATUS_ID":3,
      "TT_MAP_SYSTEM_JQTA_STATUS_DESC":"Done",
      "TT_MAP_SYSTEM_JQTA_JIRA_TICKET":"AIVIOEM-5917",
      "TT_MAP_SYSTEM_JQTA_RESOLUTION_ID":5,
      "TT_MAP_SYSTEM_JQTA_RESOLUTION":"Released",
      "RELEASE_STATUS_STORED":"4 released for development only",
      "OLD_RECOMMENDED":"NA",
      "UPDATE_TIME":"2023-05-03T00:00:00",
      "data supplier release date":"03.05.2023",
      "customers":"RNAIVI",
      "comments":"\"2022.12 : Latest MEA data will be moved to 6.releases based on project request\"",
      "artifactory repo":"nav-data-repos",
      "region":"MEA",
      "registry_variant":"eur",
      "ESNCCB release":"NDSVALIDATION-2662",
      "Release Process Cover Task":"NDSVALIDATION-2657",
      "speech config":[
         "ASR"
      ],
      "test attributes":"DEFAULT",
      "path":"DATA-STORE/Nissan/ROW/AIVI21_TTP5_TTC2_2022.12_2.4.3_MEA_2.0.0/DATA",
      "MAP_CUT_VARIANT_NUMBERED":407,
      "MD5_BASE64":"ef362f4e2dad43001be45eacd550097f",
      "BRAND":"Nissan",
      "NISSAN_FULLUPDATE_VERSION_STRING":"17282_0_17",
      "RENAULT_FULLUPDATE_VERSION_STRING":"2023.V2",
      "OEM Part Number Entry":"259281129R",
      "OEM Part Number Mid":"259287665R",
      "DATASET_VERSION":"AIVI21",
      "QUERY_TIME":"2024.01.10 15:08:42",
      "FILTERED_RANK":1,
      "VERSION_TOOLING_INFO":"7.0.0",
      "TIME_VERSIONED_FILE_NAME":"WHITE_LIST_FILTER__37_293_321_323_326_346_353_359__data_sets_20240110_150842.json"
   },
   {
      "DATASET_ID":37,
      "DEVICE_TYPE":"NIVIM",
      "MAP_CUT_VARIANT":"SAM-ARG_ST2.1_N_MID",
      "TT_REGION":"SAM-ARG",
      "SEQ_NR":"2",
      "RECOMMENDED_RANK":7,
      "targets":[
         "NIVIM"
      ],
      "map cut variants":[
         "SAM-ARG_ST2.1_N_MID"
      ],
      "DATASET_NAME":"AIVI21_TTP5_TTC2_2019.04_2.4.3_SAM-ARG_1.0.0",
      "RELEASE_CYCLE":"2019.04",
      "TT Identifier":"CP-TT-TTC2.TTP5.T-MAP.SAM-ARG.NDS-5.0.0",
      "Compatibility Number":[
         "1"
      ],
      "TNS_NAVIGATIONSOFTWARECOMPATIBILITYLIST":"CI-BOSCH-ALLIANCE.AIVI.P-NAVSW-1.0.0",
      "RELEASE_STATUS_ID":4,
      "Release Status":"6 released",
      "recommended":"recommended",
      "F_DATASET_MITSUBISHI_RELEASE_STATUS":-99,
      "F_DATASET_MITSUBISHI_RELEASE_STATUS_DESC":"N.A.",
      "F_DATASET_NISSAN_RELEASE_STATUS":2,
      "F_DATASET_NISSAN_RELEASE_STATUS_DESC":"Release For Production",
      "F_DATASET_RENAULT_RELEASE_STATUS":2,
      "F_DATASET_RENAULT_RELEASE_STATUS_DESC":"Release For Production",
      "TT_MAP_SYSTEM_JQTA_STATUS_ID":-99,
      "TT_MAP_SYSTEM_JQTA_STATUS_DESC":"N.A.",
      "TT_MAP_SYSTEM_JQTA_JIRA_TICKET":"N.A.",
      "TT_MAP_SYSTEM_JQTA_RESOLUTION_ID":null,
      "TT_MAP_SYSTEM_JQTA_RESOLUTION":"N.A.",
      "RELEASE_STATUS_STORED":"4 released for development only",
      "OLD_RECOMMENDED":"NA",
      "UPDATE_TIME":"2022-04-27T12:38:29",
      "data supplier release date":"27.04.2022",
      "customers":"RNAIVI",
      "comments":"\"maintenance_normalize_release_status\"",
      "artifactory repo":"nav-data-repos",
      "region":"SAM-ARG",
      "registry_variant":"eur",
      "ESNCCB release":"RTC-647883",
      "Release Process Cover Task":"RTC-647882",
      "speech config":[
         "ASR"
      ],
      "test attributes":"DEFAULT",
      "path":"DATA-STORE/Nissan/ROW/AIVI21_TTP5_TTC2_2019.04_2.4.3_SAM-ARG_1.0.0/DATA",
      "MAP_CUT_VARIANT_NUMBERED":405,
      "MD5_BASE64":"da2331d5e1cda4a286695da40488ca2e",
      "BRAND":"Nissan",
      "NISSAN_FULLUPDATE_VERSION_STRING":"18007_3_3",
      "RENAULT_FULLUPDATE_VERSION_STRING":"2019.V2",
      "OEM Part Number Entry":"259287454R",
      "OEM Part Number Mid":"259288618R",
      "DATASET_VERSION":"AIVI21",
      "QUERY_TIME":"2024.01.10 15:08:42",
      "FILTERED_RANK":1,
      "VERSION_TOOLING_INFO":"7.0.0",
      "TIME_VERSIONED_FILE_NAME":"WHITE_LIST_FILTER__37_293_321_323_326_346_353_359__data_sets_20240110_150842.json"
   },
   {
      "DATASET_ID":346,
      "DEVICE_TYPE":"NIVIM",
      "MAP_CUT_VARIANT":"TUR_ST2.1_N_MID",
      "TT_REGION":"TUR",
      "SEQ_NR":"1",
      "RECOMMENDED_RANK":2,
      "targets":[
         "NIVIM"
      ],
      "map cut variants":[
         "TUR_ST2.1_N_MID"
      ],
      "DATASET_NAME":"AIVI21_TTP5_TTC2_2022.12_2.4.3_TUR_1.0.0",
      "RELEASE_CYCLE":"2022.12",
      "TT Identifier":"CP-TT-TTC2.TTP5.T-MAP.TUR.NDS-12.0.0",
      "Compatibility Number":[
         "1"
      ],
      "TNS_NAVIGATIONSOFTWARECOMPATIBILITYLIST":"CI-BOSCH-ALLIANCE.AIVI.P-NAVSW-1.0.0",
      "RELEASE_STATUS_ID":4,
      "Release Status":"6 released",
      "recommended":"recommended",
      "F_DATASET_MITSUBISHI_RELEASE_STATUS":-99,
      "F_DATASET_MITSUBISHI_RELEASE_STATUS_DESC":"N.A.",
      "F_DATASET_NISSAN_RELEASE_STATUS":-99,
      "F_DATASET_NISSAN_RELEASE_STATUS_DESC":"N.A.",
      "F_DATASET_RENAULT_RELEASE_STATUS":-99,
      "F_DATASET_RENAULT_RELEASE_STATUS_DESC":"N.A.",
      "TT_MAP_SYSTEM_JQTA_STATUS_ID":3,
      "TT_MAP_SYSTEM_JQTA_STATUS_DESC":"Done",
      "TT_MAP_SYSTEM_JQTA_JIRA_TICKET":"AIVIOEM-5900",
      "TT_MAP_SYSTEM_JQTA_RESOLUTION_ID":5,
      "TT_MAP_SYSTEM_JQTA_RESOLUTION":"Released",
      "RELEASE_STATUS_STORED":"4 released for development only",
      "OLD_RECOMMENDED":"NA",
      "UPDATE_TIME":"2023-05-22T00:00:00",
      "data supplier release date":"22.05.2023",
      "customers":"RNAIVI",
      "comments":"\"2022.12 : Latest TUR data will be moved to 6.releases based on project request\"",
      "artifactory repo":"nav-data-repos",
      "region":"TUR-EUR",
      "registry_variant":"eur",
      "ESNCCB release":"NDSVALIDATION-2550",
      "Release Process Cover Task":"NDSVALIDATION-2545",
      "speech config":[
         "ASR"
      ],
      "test attributes":"DEFAULT",
      "path":"DATA-STORE/Nissan/EUR/AIVI21_TTP5_TTC2_2022.12_2.4.3_TUR_1.0.0/DATA",
      "MAP_CUT_VARIANT_NUMBERED":415,
      "MD5_BASE64":"339ff7dc4824e6eea690254cacac34d9",
      "BRAND":"Nissan",
      "NISSAN_FULLUPDATE_VERSION_STRING":"17651_0_10",
      "RENAULT_FULLUPDATE_VERSION_STRING":"2023.V2",
      "OEM Part Number Entry":"259280591R",
      "OEM Part Number Mid":"259287448R",
      "DATASET_VERSION":"AIVI21",
      "QUERY_TIME":"2024.01.10 15:08:42",
      "FILTERED_RANK":1,
      "VERSION_TOOLING_INFO":"7.0.0",
      "TIME_VERSIONED_FILE_NAME":"WHITE_LIST_FILTER__37_293_321_323_326_346_353_359__data_sets_20240110_150842.json"
   },
   {
      "DATASET_ID":323,
      "DEVICE_TYPE":"RIVIE",
      "MAP_CUT_VARIANT":"AFR_ST2.1_R_ENTRY",
      "TT_REGION":"AFR",
      "SEQ_NR":"1",
      "RECOMMENDED_RANK":2,
      "targets":[
         "RIVIE"
      ],
      "map cut variants":[
         "AFR_ST2.1_R_ENTRY"
      ],
      "DATASET_NAME":"AIVI21_TTP5_TTC2_2022.09_2.4.3_AFR_1.0.0",
      "RELEASE_CYCLE":"2022.09",
      "TT Identifier":"CP-TT-TTC2.TTP5.T-MAP.AFR.NDS-11.0.0",
      "Compatibility Number":[
         "1"
      ],
      "TNS_NAVIGATIONSOFTWARECOMPATIBILITYLIST":"CI-BOSCH-ALLIANCE.AIVI.P-NAVSW-1.0.0",
      "RELEASE_STATUS_ID":4,
      "Release Status":"6 released",
      "recommended":"recommended",
      "F_DATASET_MITSUBISHI_RELEASE_STATUS":-99,
      "F_DATASET_MITSUBISHI_RELEASE_STATUS_DESC":"N.A.",
      "F_DATASET_NISSAN_RELEASE_STATUS":-99,
      "F_DATASET_NISSAN_RELEASE_STATUS_DESC":"N.A.",
      "F_DATASET_RENAULT_RELEASE_STATUS":-99,
      "F_DATASET_RENAULT_RELEASE_STATUS_DESC":"N.A.",
      "TT_MAP_SYSTEM_JQTA_STATUS_ID":3,
      "TT_MAP_SYSTEM_JQTA_STATUS_DESC":"Done",
      "TT_MAP_SYSTEM_JQTA_JIRA_TICKET":"AIVIOEM-5811",
      "TT_MAP_SYSTEM_JQTA_RESOLUTION_ID":5,
      "TT_MAP_SYSTEM_JQTA_RESOLUTION":"Released",
      "RELEASE_STATUS_STORED":"4 released for development only",
      "OLD_RECOMMENDED":"NA",
      "UPDATE_TIME":"2023-01-31T00:00:00",
      "data supplier release date":"31.01.2023",
      "customers":"RNAIVI",
      "comments":"\"2022.09 : Latest AFR data will be moved to 6.releases based on project request\"",
      "artifactory repo":"nav-data-repos",
      "region":"AFR",
      "registry_variant":"eur",
      "ESNCCB release":"NDSVALIDATION-2330",
      "Release Process Cover Task":"NDSVALIDATION-2325",
      "speech config":[
         "ASR"
      ],
      "test attributes":"DEFAULT",
      "path":"DATA-STORE/Nissan/ROW/AIVI21_TTP5_TTC2_2022.09_2.4.3_AFR_1.0.0/DATA",
      "MAP_CUT_VARIANT_NUMBERED":509,
      "MD5_BASE64":"2e4b60d8749fc2aa3ef115cb5ebde2bf",
      "BRAND":"Renault",
      "NISSAN_FULLUPDATE_VERSION_STRING":"17317_0_10",
      "RENAULT_FULLUPDATE_VERSION_STRING":"2023.V1",
      "OEM Part Number Entry":"259284675R",
      "OEM Part Number Mid":"259289535R",
      "DATASET_VERSION":"AIVI21",
      "QUERY_TIME":"2024.01.10 15:08:42",
      "FILTERED_RANK":1,
      "VERSION_TOOLING_INFO":"7.0.0",
      "TIME_VERSIONED_FILE_NAME":"WHITE_LIST_FILTER__37_293_321_323_326_346_353_359__data_sets_20240110_150842.json"
   },
   {
      "DATASET_ID":321,
      "DEVICE_TYPE":"RIVIE",
      "MAP_CUT_VARIANT":"APAC_ST2.1_R_ENTRY",
      "TT_REGION":"APAC",
      "SEQ_NR":"1",
      "RECOMMENDED_RANK":2,
      "targets":[
         "RIVIE"
      ],
      "map cut variants":[
         "APAC_ST2.1_R_ENTRY"
      ],
      "DATASET_NAME":"AIVI21_TTP5_TTC2_2022.09_2.4.3_APAC_1.0.0",
      "RELEASE_CYCLE":"2022.09",
      "TT Identifier":"CP-TT-TTC2.TTP5.T-MAP.APAC.NDS-11.0.0",
      "Compatibility Number":[
         "1"
      ],
      "TNS_NAVIGATIONSOFTWARECOMPATIBILITYLIST":"CI-BOSCH-ALLIANCE.AIVI.P-NAVSW-1.0.0",
      "RELEASE_STATUS_ID":4,
      "Release Status":"6 released",
      "recommended":"recommended",
      "F_DATASET_MITSUBISHI_RELEASE_STATUS":-99,
      "F_DATASET_MITSUBISHI_RELEASE_STATUS_DESC":"N.A.",
      "F_DATASET_NISSAN_RELEASE_STATUS":-99,
      "F_DATASET_NISSAN_RELEASE_STATUS_DESC":"N.A.",
      "F_DATASET_RENAULT_RELEASE_STATUS":-99,
      "F_DATASET_RENAULT_RELEASE_STATUS_DESC":"N.A.",
      "TT_MAP_SYSTEM_JQTA_STATUS_ID":3,
      "TT_MAP_SYSTEM_JQTA_STATUS_DESC":"Done",
      "TT_MAP_SYSTEM_JQTA_JIRA_TICKET":"AIVIOEM-5806",
      "TT_MAP_SYSTEM_JQTA_RESOLUTION_ID":5,
      "TT_MAP_SYSTEM_JQTA_RESOLUTION":"Released",
      "RELEASE_STATUS_STORED":"4 released for development only",
      "OLD_RECOMMENDED":"NA",
      "UPDATE_TIME":"2023-01-31T00:00:00",
      "data supplier release date":"31.01.2023",
      "customers":"RNAIVI",
      "comments":"\"2022.09 : Latest APAC data will be moved to 6.releases based on project request\"",
      "artifactory repo":"nav-data-repos",
      "region":"APAC",
      "registry_variant":"eur",
      "ESNCCB release":"NDSVALIDATION-2300",
      "Release Process Cover Task":"NDSVALIDATION-2295",
      "speech config":[
         "ASR"
      ],
      "test attributes":"DEFAULT",
      "path":"DATA-STORE/Nissan/ROW/AIVI21_TTP5_TTC2_2022.09_2.4.3_APAC_1.0.0/DATA",
      "MAP_CUT_VARIANT_NUMBERED":521,
      "MD5_BASE64":"76bcde270df9af01b737aa8d526f5ad2",
      "BRAND":"Renault",
      "NISSAN_FULLUPDATE_VERSION_STRING":"17327_14_14",
      "RENAULT_FULLUPDATE_VERSION_STRING":"2023.V1",
      "OEM Part Number Entry":"259284511R",
      "OEM Part Number Mid":"259289143R",
      "DATASET_VERSION":"AIVI21",
      "QUERY_TIME":"2024.01.10 15:08:42",
      "FILTERED_RANK":1,
      "VERSION_TOOLING_INFO":"7.0.0",
      "TIME_VERSIONED_FILE_NAME":"WHITE_LIST_FILTER__37_293_321_323_326_346_353_359__data_sets_20240110_150842.json"
   },
   {
      "DATASET_ID":353,
      "DEVICE_TYPE":"RIVIE",
      "MAP_CUT_VARIANT":"ISR_ST2.1_R_ENTRY",
      "TT_REGION":"ISR",
      "SEQ_NR":"1",
      "RECOMMENDED_RANK":2,
      "targets":[
         "RIVIE"
      ],
      "map cut variants":[
         "ISR_ST2.1_R_ENTRY"
      ],
      "DATASET_NAME":"AIVI21_TTP5_TTC2_2022.12_2.4.3_ISR_1.0.0",
      "RELEASE_CYCLE":"2022.12",
      "TT Identifier":"CP-TT-TTC2.TTP5.T-MAP.ISR.NDS-12.0.0",
      "Compatibility Number":[
         "1"
      ],
      "TNS_NAVIGATIONSOFTWARECOMPATIBILITYLIST":"CI-BOSCH-ALLIANCE.AIVI.P-NAVSW-1.0.0",
      "RELEASE_STATUS_ID":4,
      "Release Status":"6 released",
      "recommended":"recommended",
      "F_DATASET_MITSUBISHI_RELEASE_STATUS":-99,
      "F_DATASET_MITSUBISHI_RELEASE_STATUS_DESC":"N.A.",
      "F_DATASET_NISSAN_RELEASE_STATUS":-99,
      "F_DATASET_NISSAN_RELEASE_STATUS_DESC":"N.A.",
      "F_DATASET_RENAULT_RELEASE_STATUS":-99,
      "F_DATASET_RENAULT_RELEASE_STATUS_DESC":"N.A.",
      "TT_MAP_SYSTEM_JQTA_STATUS_ID":3,
      "TT_MAP_SYSTEM_JQTA_STATUS_DESC":"Done",
      "TT_MAP_SYSTEM_JQTA_JIRA_TICKET":"AIVIOEM-5903",
      "TT_MAP_SYSTEM_JQTA_RESOLUTION_ID":5,
      "TT_MAP_SYSTEM_JQTA_RESOLUTION":"Released",
      "RELEASE_STATUS_STORED":"4 released for development only",
      "OLD_RECOMMENDED":"NA",
      "UPDATE_TIME":"2023-05-22T00:00:00",
      "data supplier release date":"22.05.2023",
      "customers":"RNAIVI",
      "comments":"\"2022.12 : Latest ISR data will be moved to 6.releases based on project request\"",
      "artifactory repo":"nav-data-repos",
      "region":"ISR",
      "registry_variant":"eur",
      "ESNCCB release":"NDSVALIDATION-2576",
      "Release Process Cover Task":"NDSVALIDATION-2571",
      "speech config":[
         "ASR"
      ],
      "test attributes":"DEFAULT",
      "path":"DATA-STORE/Nissan/ROW/AIVI21_TTP5_TTC2_2022.12_2.4.3_ISR_1.0.0/DATA",
      "MAP_CUT_VARIANT_NUMBERED":522,
      "MD5_BASE64":"b30f22c9d4a0e8b977c7dd743c115a3b",
      "BRAND":"Renault",
      "NISSAN_FULLUPDATE_VERSION_STRING":"17318_11_11",
      "RENAULT_FULLUPDATE_VERSION_STRING":"2023.V2",
      "OEM Part Number Entry":"259283922R",
      "OEM Part Number Mid":"259287851R",
      "DATASET_VERSION":"AIVI21",
      "QUERY_TIME":"2024.01.10 15:08:42",
      "FILTERED_RANK":1,
      "VERSION_TOOLING_INFO":"7.0.0",
      "TIME_VERSIONED_FILE_NAME":"WHITE_LIST_FILTER__37_293_321_323_326_346_353_359__data_sets_20240110_150842.json"
   },
   {
      "DATASET_ID":326,
      "DEVICE_TYPE":"RIVIE",
      "MAP_CUT_VARIANT":"MAR_ST2.1_R_ENTRY",
      "TT_REGION":"MAR",
      "SEQ_NR":"1",
      "RECOMMENDED_RANK":2,
      "targets":[
         "RIVIE"
      ],
      "map cut variants":[
         "MAR_ST2.1_R_ENTRY"
      ],
      "DATASET_NAME":"AIVI21_TTP5_TTC2_2022.09_2.4.3_MAR_1.0.0",
      "RELEASE_CYCLE":"2022.09",
      "TT Identifier":"CP-TT-TTC2.TTP5.T-MAP.MAR.NDS-11.0.0",
      "Compatibility Number":[
         "1"
      ],
      "TNS_NAVIGATIONSOFTWARECOMPATIBILITYLIST":"CI-BOSCH-ALLIANCE.AIVI.P-NAVSW-1.0.0",
      "RELEASE_STATUS_ID":4,
      "Release Status":"6 released",
      "recommended":"recommended",
      "F_DATASET_MITSUBISHI_RELEASE_STATUS":-99,
      "F_DATASET_MITSUBISHI_RELEASE_STATUS_DESC":"N.A.",
      "F_DATASET_NISSAN_RELEASE_STATUS":-99,
      "F_DATASET_NISSAN_RELEASE_STATUS_DESC":"N.A.",
      "F_DATASET_RENAULT_RELEASE_STATUS":-99,
      "F_DATASET_RENAULT_RELEASE_STATUS_DESC":"N.A.",
      "TT_MAP_SYSTEM_JQTA_STATUS_ID":3,
      "TT_MAP_SYSTEM_JQTA_STATUS_DESC":"Done",
      "TT_MAP_SYSTEM_JQTA_JIRA_TICKET":"AIVIOEM-5816",
      "TT_MAP_SYSTEM_JQTA_RESOLUTION_ID":5,
      "TT_MAP_SYSTEM_JQTA_RESOLUTION":"Released",
      "RELEASE_STATUS_STORED":"4 released for development only",
      "OLD_RECOMMENDED":"NA",
      "UPDATE_TIME":"2023-01-31T00:00:00",
      "data supplier release date":"31.01.2023",
      "customers":"RNAIVI",
      "comments":"\"2022.09 : Latest MAR  data will be moved to 6.releases based on project request\"",
      "artifactory repo":"nav-data-repos",
      "region":"MAR",
      "registry_variant":"eur",
      "ESNCCB release":"NDSVALIDATION-2365",
      "Release Process Cover Task":"NDSVALIDATION-2360",
      "speech config":[
         "ASR"
      ],
      "test attributes":"DEFAULT",
      "path":"DATA-STORE/Nissan/ROW/AIVI21_TTP5_TTC2_2022.09_2.4.3_MAR_1.0.0/DATA",
      "MAP_CUT_VARIANT_NUMBERED":508,
      "MD5_BASE64":"ed03dda175e46f7e9f4612b1b23008de",
      "BRAND":"Renault",
      "NISSAN_FULLUPDATE_VERSION_STRING":"17332_9_9",
      "RENAULT_FULLUPDATE_VERSION_STRING":"2023.V1",
      "OEM Part Number Entry":"259282329R",
      "OEM Part Number Mid":"259287712R",
      "DATASET_VERSION":"AIVI21",
      "QUERY_TIME":"2024.01.10 15:08:42",
      "FILTERED_RANK":1,
      "VERSION_TOOLING_INFO":"7.0.0",
      "TIME_VERSIONED_FILE_NAME":"WHITE_LIST_FILTER__37_293_321_323_326_346_353_359__data_sets_20240110_150842.json"
   },
   {
      "DATASET_ID":359,
      "DEVICE_TYPE":"RIVIE",
      "MAP_CUT_VARIANT":"MEA_ST2.1_R_ENTRY",
      "TT_REGION":"MEA",
      "SEQ_NR":"1",
      "RECOMMENDED_RANK":1,
      "targets":[
         "RIVIE"
      ],
      "map cut variants":[
         "MEA_ST2.1_R_ENTRY"
      ],
      "DATASET_NAME":"AIVI21_TTP5_TTC2_2022.12_2.4.3_MEA_2.0.0",
      "RELEASE_CYCLE":"2022.12",
      "TT Identifier":"CP-TT-TTC2.TTP5.T-MAP.MEA.NDS-14.1.0",
      "Compatibility Number":[
         "1"
      ],
      "TNS_NAVIGATIONSOFTWARECOMPATIBILITYLIST":"CI-BOSCH-ALLIANCE.AIVI.P-NAVSW-1.0.0",
      "RELEASE_STATUS_ID":4,
      "Release Status":"6 released",
      "recommended":"recommended",
      "F_DATASET_MITSUBISHI_RELEASE_STATUS":-99,
      "F_DATASET_MITSUBISHI_RELEASE_STATUS_DESC":"N.A.",
      "F_DATASET_NISSAN_RELEASE_STATUS":-99,
      "F_DATASET_NISSAN_RELEASE_STATUS_DESC":"N.A.",
      "F_DATASET_RENAULT_RELEASE_STATUS":-99,
      "F_DATASET_RENAULT_RELEASE_STATUS_DESC":"N.A.",
      "TT_MAP_SYSTEM_JQTA_STATUS_ID":3,
      "TT_MAP_SYSTEM_JQTA_STATUS_DESC":"Done",
      "TT_MAP_SYSTEM_JQTA_JIRA_TICKET":"AIVIOEM-5917",
      "TT_MAP_SYSTEM_JQTA_RESOLUTION_ID":5,
      "TT_MAP_SYSTEM_JQTA_RESOLUTION":"Released",
      "RELEASE_STATUS_STORED":"4 released for development only",
      "OLD_RECOMMENDED":"NA",
      "UPDATE_TIME":"2023-05-03T00:00:00",
      "data supplier release date":"03.05.2023",
      "customers":"RNAIVI",
      "comments":"\"2022.12 : Latest MEA data will be moved to 6.releases based on project request\"",
      "artifactory repo":"nav-data-repos",
      "region":"MEA",
      "registry_variant":"eur",
      "ESNCCB release":"NDSVALIDATION-2662",
      "Release Process Cover Task":"NDSVALIDATION-2657",
      "speech config":[
         "ASR"
      ],
      "test attributes":"DEFAULT",
      "path":"DATA-STORE/Nissan/ROW/AIVI21_TTP5_TTC2_2022.12_2.4.3_MEA_2.0.0/DATA",
      "MAP_CUT_VARIANT_NUMBERED":507,
      "MD5_BASE64":"ef362f4e2dad43001be45eacd550097f",
      "BRAND":"Renault",
      "NISSAN_FULLUPDATE_VERSION_STRING":"17282_0_17",
      "RENAULT_FULLUPDATE_VERSION_STRING":"2023.V2",
      "OEM Part Number Entry":"259281129R",
      "OEM Part Number Mid":"259287665R",
      "DATASET_VERSION":"AIVI21",
      "QUERY_TIME":"2024.01.10 15:08:42",
      "FILTERED_RANK":1,
      "VERSION_TOOLING_INFO":"7.0.0",
      "TIME_VERSIONED_FILE_NAME":"WHITE_LIST_FILTER__37_293_321_323_326_346_353_359__data_sets_20240110_150842.json"
   },
   {
      "DATASET_ID":37,
      "DEVICE_TYPE":"RIVIE",
      "MAP_CUT_VARIANT":"SAM-ARG_ST2.1_R_ENTRY",
      "TT_REGION":"SAM-ARG",
      "SEQ_NR":"2",
      "RECOMMENDED_RANK":7,
      "targets":[
         "RIVIE"
      ],
      "map cut variants":[
         "SAM-ARG_ST2.1_R_ENTRY"
      ],
      "DATASET_NAME":"AIVI21_TTP5_TTC2_2019.04_2.4.3_SAM-ARG_1.0.0",
      "RELEASE_CYCLE":"2019.04",
      "TT Identifier":"CP-TT-TTC2.TTP5.T-MAP.SAM-ARG.NDS-5.0.0",
      "Compatibility Number":[
         "1"
      ],
      "TNS_NAVIGATIONSOFTWARECOMPATIBILITYLIST":"CI-BOSCH-ALLIANCE.AIVI.P-NAVSW-1.0.0",
      "RELEASE_STATUS_ID":4,
      "Release Status":"6 released",
      "recommended":"recommended",
      "F_DATASET_MITSUBISHI_RELEASE_STATUS":-99,
      "F_DATASET_MITSUBISHI_RELEASE_STATUS_DESC":"N.A.",
      "F_DATASET_NISSAN_RELEASE_STATUS":2,
      "F_DATASET_NISSAN_RELEASE_STATUS_DESC":"Release For Production",
      "F_DATASET_RENAULT_RELEASE_STATUS":2,
      "F_DATASET_RENAULT_RELEASE_STATUS_DESC":"Release For Production",
      "TT_MAP_SYSTEM_JQTA_STATUS_ID":-99,
      "TT_MAP_SYSTEM_JQTA_STATUS_DESC":"N.A.",
      "TT_MAP_SYSTEM_JQTA_JIRA_TICKET":"N.A.",
      "TT_MAP_SYSTEM_JQTA_RESOLUTION_ID":null,
      "TT_MAP_SYSTEM_JQTA_RESOLUTION":"N.A.",
      "RELEASE_STATUS_STORED":"4 released for development only",
      "OLD_RECOMMENDED":"NA",
      "UPDATE_TIME":"2022-04-27T12:38:29",
      "data supplier release date":"27.04.2022",
      "customers":"RNAIVI",
      "comments":"\"maintenance_normalize_release_status\"",
      "artifactory repo":"nav-data-repos",
      "region":"SAM-ARG",
      "registry_variant":"eur",
      "ESNCCB release":"RTC-647883",
      "Release Process Cover Task":"RTC-647882",
      "speech config":[
         "ASR"
      ],
      "test attributes":"DEFAULT",
      "path":"DATA-STORE/Nissan/ROW/AIVI21_TTP5_TTC2_2019.04_2.4.3_SAM-ARG_1.0.0/DATA",
      "MAP_CUT_VARIANT_NUMBERED":505,
      "MD5_BASE64":"da2331d5e1cda4a286695da40488ca2e",
      "BRAND":"Renault",
      "NISSAN_FULLUPDATE_VERSION_STRING":"18007_3_3",
      "RENAULT_FULLUPDATE_VERSION_STRING":"2019.V2",
      "OEM Part Number Entry":"259287454R",
      "OEM Part Number Mid":"259288618R",
      "DATASET_VERSION":"AIVI21",
      "QUERY_TIME":"2024.01.10 15:08:42",
      "FILTERED_RANK":1,
      "VERSION_TOOLING_INFO":"7.0.0",
      "TIME_VERSIONED_FILE_NAME":"WHITE_LIST_FILTER__37_293_321_323_326_346_353_359__data_sets_20240110_150842.json"
   }
]